method,variant,seed,file,n_samples,n_dim,fom3,det_cov3,logdet_cov3,valid_fom
cnn,bin1_20deg160,41,cnn_bin1_20deg160_nobnt_s41.npy,100000,6,6961.122290430018,2.063675809090915e-08,-17.69619197790861,True
cnn,bin1_20deg160,42,cnn_bin1_20deg160_nobnt_s42.npy,100000,6,6981.232997678256,2.0518033495763708e-08,-17.70196165477595,True
cnn,bin1_20deg160,43,cnn_bin1_20deg160_nobnt_s43.npy,100000,6,6781.224041876078,2.1746221827553866e-08,-17.64382580357887,True
cnn,bin2_20deg160,41,cnn_bin2_20deg160_nobnt_s41.npy,100000,6,18856.827588355223,2.812307075495055e-09,-19.68926066714818,True
cnn,bin2_20deg160,42,cnn_bin2_20deg160_nobnt_s42.npy,100000,6,19075.05253650618,2.7483276962063026e-09,-19.712273220712532,True
cnn,bin2_20deg160,43,cnn_bin2_20deg160_nobnt_s43.npy,100000,6,19219.988553498522,2.707034250180114e-09,-19.72741217394504,True
cnn,bin3_20deg160,41,cnn_bin3_20deg160_nobnt_s41.npy,100000,6,45330.35087206214,4.866557271538223e-10,-21.44346416859797,True
cnn,bin3_20deg160,42,cnn_bin3_20deg160_nobnt_s42.npy,100000,6,44173.83628273133,5.124715559755743e-10,-21.39177590699166,True
cnn,bin3_20deg160,43,cnn_bin3_20deg160_nobnt_s43.npy,100000,6,46240.80889845838,4.676803840690616e-10,-21.483235993344042,True
cnn,bin4_20deg160,41,cnn_bin4_20deg160_nobnt_s41.npy,100000,6,64335.58587067331,2.416003057663551e-10,-22.14373638427947,True
cnn,bin4_20deg160,42,cnn_bin4_20deg160_nobnt_s42.npy,100000,6,64070.941013191725,2.4360028659764904e-10,-22.135492403584266,True
cnn,bin4_20deg160,43,cnn_bin4_20deg160_nobnt_s43.npy,100000,6,62058.45428577517,2.5965583798335707e-10,-22.07166406184185,True
cnn,tomo4_20deg160,41,cnn_tomo4_20deg160_nobnt_s41.npy,100000,6,446954.9378004987,5.005788783646714e-12,-26.02042611644859,True
cnn,tomo4_20deg160,42,cnn_tomo4_20deg160_nobnt_s42.npy,100000,6,456818.16532338865,4.791960941091069e-12,-26.064081406006075,True
cnn,tomo4_20deg160,43,cnn_tomo4_20deg160_nobnt_s43.npy,100000,6,439036.841763041,5.18797732008127e-12,-25.984677221095072,True
l1,bin1_20deg160,41,l1_bin1_20deg160_nobnt_s41.npy,100000,6,457.13513728080966,4.785317869858249e-06,-12.24995810478337,True
l1,bin1_20deg160,42,l1_bin1_20deg160_nobnt_s42.npy,100000,6,402.02100492809313,6.187319039504802e-06,-11.99300867663778,True
l1,bin1_20deg160,43,l1_bin1_20deg160_nobnt_s43.npy,100000,6,457.5265981810606,4.777132713131941e-06,-12.251670042252602,True
l1,bin2_20deg160,41,l1_bin2_20deg160_nobnt_s41.npy,100000,6,1235.7552860574567,6.548397684374685e-07,-14.238875259577295,True
l1,bin2_20deg160,42,l1_bin2_20deg160_nobnt_s42.npy,100000,6,1253.4290941880786,6.365030039561802e-07,-14.267276699468837,True
l1,bin2_20deg160,43,l1_bin2_20deg160_nobnt_s43.npy,100000,6,1593.4905886854215,3.938229258097162e-07,-14.7473644555499,True
l1,bin3_20deg160,41,l1_bin3_20deg160_nobnt_s41.npy,100000,6,2933.2698248634724,1.1622404085384359e-07,-15.96774612189817,True
l1,bin3_20deg160,42,l1_bin3_20deg160_nobnt_s42.npy,100000,6,3692.9451342169996,7.332537439789433e-08,-16.428359116089872,True
l1,bin3_20deg160,43,l1_bin3_20deg160_nobnt_s43.npy,100000,6,3491.9918095298594,8.200749897715978e-08,-16.316455142922567,True
l1,bin4_20deg160,41,l1_bin4_20deg160_nobnt_s41.npy,100000,6,4678.314207789526,4.5690007189471754e-08,-16.901386224017955,True
l1,bin4_20deg160,42,l1_bin4_20deg160_nobnt_s42.npy,100000,6,5068.883437369518,3.8920229379493614e-08,-17.06175168603103,True
l1,bin4_20deg160,43,l1_bin4_20deg160_nobnt_s43.npy,100000,6,5202.020587662487,3.695352454271514e-08,-17.113604807288915,True
l1,tomo4_20deg160,41,l1_tomo4_20deg160_nobnt_s41.npy,100000,6,9053.030263554389,1.2201467167560358e-08,-18.221709632801716,True
l1,tomo4_20deg160,42,l1_tomo4_20deg160_nobnt_s42.npy,100000,6,14092.070484114894,5.0355902798748476e-09,-19.106735082319734,True
l1,tomo4_20deg160,43,l1_tomo4_20deg160_nobnt_s43.npy,100000,6,8806.529616175296,1.2894081177574999e-08,-18.166497454314268,True
l1vmim,bin1_20deg160,41,l1vmim_bin1_20deg160_nobnt_s41.npy,100000,6,229.23197733051163,1.903047370333159e-05,-10.869468984515603,True
l1vmim,bin1_20deg160,42,l1vmim_bin1_20deg160_nobnt_s42.npy,100000,6,239.00745134303364,1.7505604743980613e-05,-10.952989457226035,True
l1vmim,bin1_20deg160,43,l1vmim_bin1_20deg160_nobnt_s43.npy,100000,6,226.53633670167295,1.9486069778927614e-05,-10.845810717990034,True
l1vmim,bin2_20deg160,41,l1vmim_bin2_20deg160_nobnt_s41.npy,100000,6,711.8347487788767,1.9735204489585676e-06,-13.13569158012442,True
l1vmim,bin2_20deg160,42,l1vmim_bin2_20deg160_nobnt_s42.npy,100000,6,1569.5045014361606,4.059521714087263e-07,-14.717030488696167,True
l1vmim,bin2_20deg160,43,l1vmim_bin2_20deg160_nobnt_s43.npy,100000,6,1423.7223122148744,4.933435078851071e-07,-14.5220601349776,True
l1vmim,bin3_20deg160,41,l1vmim_bin3_20deg160_nobnt_s41.npy,100000,6,4133.800531782198,5.851954845873686e-08,-16.653904976840373,True
l1vmim,bin3_20deg160,42,l1vmim_bin3_20deg160_nobnt_s42.npy,100000,6,4026.863351373973,6.166890188955978e-08,-16.60148605433537,True
l1vmim,bin3_20deg160,43,l1vmim_bin3_20deg160_nobnt_s43.npy,100000,6,4259.6451953735605,5.511288521648648e-08,-16.713882296647654,True
l1vmim,bin4_20deg160,41,l1vmim_bin4_20deg160_nobnt_s41.npy,100000,6,5485.6074295335175,3.3231546357505856e-08,-17.219766220679002,True
l1vmim,bin4_20deg160,42,l1vmim_bin4_20deg160_nobnt_s42.npy,100000,6,5513.111409172281,3.290080031896873e-08,-17.22976885366643,True
l1vmim,bin4_20deg160,43,l1vmim_bin4_20deg160_nobnt_s43.npy,100000,6,5315.7558480600355,3.5389135098082266e-08,-17.15686098204896,True
l1vmim,tomo4_20deg160,41,l1vmim_tomo4_20deg160_nobnt_s41.npy,100000,6,10326.256876222484,9.37808470933704e-09,-18.48489028354768,True
l1vmim,tomo4_20deg160,42,l1vmim_tomo4_20deg160_nobnt_s42.npy,100000,6,10337.532892635194,9.35763693627765e-09,-18.48707304240423,True
l1vmim,tomo4_20deg160,43,l1vmim_tomo4_20deg160_nobnt_s43.npy,100000,6,9745.08168543808,1.0530016030915226e-08,-18.36903598839758,True
