method,variant,seed,perm,bary_file,nobary_file,n_samples_bary,n_samples_nobary,n_dim,fom3_bary,fom3_nobary,fom3_ratio_bary_over_nobary,fom3_bary_valid,fom3_nobary_valid,logdet_cov3_bary,logdet_cov3_nobary,d_truth,d_shift,d_truth_valid,d_shift_valid,delta_truth_om,delta_truth_s8,delta_truth_w0,delta_shift_om,delta_shift_s8,delta_shift_w0,norm_truth_om,norm_truth_s8,norm_truth_w0,norm_shift_om,norm_shift_s8,norm_shift_w0
cnn,tomo4_20deg160,41,0,cnn_tomo4_20deg160_bary_perm0000_s41.npy,cnn_tomo4_20deg160_nobnt_s41.npy,100000,100000,6,445249.15730827657,446954.9378004987,0.9961835515217342,True,True,-26.012778617048248,-26.02042611644859,2.508340130652551,1.1733037818341232,True,True,0.016169151067733756,-0.03532591104507443,0.07412415742874146,-0.002368330955505371,-0.014584064483642578,-0.010210394859313965,1.3383345159063813,-2.3934971593909213,1.4698489860163926,-0.19602878651851371,-0.9881391839953604,-0.20246757671703944
cnn,tomo4_20deg160,41,1,cnn_tomo4_20deg160_bary_perm0001_s41.npy,cnn_tomo4_20deg160_nobnt_s41.npy,100000,100000,6,427314.68856366334,446954.9378004987,0.9560576524034244,True,True,-25.930551992673113,-26.02042611644859,1.376091080717422,1.025764585749824,True,True,0.007363458871841422,-0.019906904697418182,0.03508424758911133,-0.011174023151397705,0.0008349418640136719,-0.04925030469894409,0.6094798127223923,-1.3487867244171117,0.695704983811496,-0.9248834897025029,0.056571250978449436,-0.9766115789219362
cnn,tomo4_20deg160,41,2,cnn_tomo4_20deg160_bary_perm0002_s41.npy,cnn_tomo4_20deg160_nobnt_s41.npy,100000,100000,6,420314.12952829665,446954.9378004987,0.9403948675378695,True,True,-25.897515276299053,-26.02042611644859,0.9891087702627781,1.1370753723602216,True,True,0.006000092029571524,-0.010763492584228485,0.034531235694885254,-0.012537389993667603,0.00997835397720337,-0.049803316593170166,0.49663276866865436,-0.7292774103576369,0.6847390045655988,-1.0377305337562408,0.6760805650379241,-0.9875775581678334
cnn,tomo4_20deg160,41,3,cnn_tomo4_20deg160_bary_perm0003_s41.npy,cnn_tomo4_20deg160_nobnt_s41.npy,100000,100000,6,469117.714032109,446954.9378004987,1.0495861536750777,True,True,-26.117218010686653,-26.02042611644859,2.9424967808330904,1.2139139610385314,True,True,0.032582720518112174,-0.026965882778167694,0.13709765672683716,0.014045238494873047,-0.00622403621673584,0.05276310443878174,2.6968997511897457,-1.8270657973310014,2.71858539395726,1.1625364487648506,-0.42170782193544026,1.0462688312238282
cnn,tomo4_20deg160,41,4,cnn_tomo4_20deg160_bary_perm0004_s41.npy,cnn_tomo4_20deg160_nobnt_s41.npy,100000,100000,6,381156.8785334603,446954.9378004987,0.8527859215722374,True,True,-25.70193264808428,-26.02042611644859,0.9131379710404842,2.3855796047646365,True,True,0.001402040719985953,0.011924240589141877,0.005118370056152344,-0.017135441303253174,0.03266608715057373,-0.07921618223190308,0.11604811411576652,0.807923564705474,0.10149499566756728,-1.4183151883091285,2.2132815401010353,-1.570821567065865
cnn,tomo4_20deg160,41,5,cnn_tomo4_20deg160_bary_perm0005_s41.npy,cnn_tomo4_20deg160_nobnt_s41.npy,100000,100000,6,425770.1394017236,446954.9378004987,0.9526019367790695,True,True,-25.9233098015145,-26.02042611644859,1.5641433467727035,0.44728779391561985,True,True,0.015727391242980948,-0.01474377155303952,0.07312923669815063,-0.0028100907802581787,0.005998075008392334,-0.011205315589904785,1.3017696759385462,-0.9989600915283178,1.4501201516153885,-0.23259362648634893,0.4063978838672434,-0.22219641111804364
cnn,tomo4_20deg160,41,6,cnn_tomo4_20deg160_bary_perm0006_s41.npy,cnn_tomo4_20deg160_nobnt_s41.npy,100000,100000,6,428911.47222234664,446954.9378004987,0.9596302355066365,True,True,-25.9380116363185,-26.02042611644859,2.595288764319747,2.1479637666049407,True,True,0.000788857936859122,-0.03721180200576779,0.01660478115081787,-0.017748624086380005,-0.016469955444335938,-0.06772977113723755,0.06529444870807512,-2.5212751705958145,0.32926540528999243,-1.46906885371682,-1.1159171952002533,-1.3430511574434396
cnn,tomo4_20deg160,41,7,cnn_tomo4_20deg160_bary_perm0007_s41.npy,cnn_tomo4_20deg160_nobnt_s41.npy,100000,100000,6,435074.05224781705,446954.9378004987,0.9734181579665537,True,True,-25.966543061269864,-26.02042611644859,2.908025211794427,2.500001512879292,True,True,-0.0005277192592620938,-0.04124804973602292,0.00890272855758667,-0.01906520128250122,-0.020506203174591064,-0.07543182373046875,-0.04367977616267009,-2.7947499994441625,0.17653713710982452,-1.5780430785875652,-1.3893920240486015,-1.4957794256236077
cnn,tomo4_20deg160,41,8,cnn_tomo4_20deg160_bary_perm0008_s41.npy,cnn_tomo4_20deg160_nobnt_s41.npy,100000,100000,6,408384.6026206556,446954.9378004987,0.9137041971845064,True,True,-25.83992932569904,-26.02042611644859,1.7037549414307935,2.70872042780154,True,True,-0.012023339271545419,-0.0143555665016174,-0.049620985984802246,-0.030560821294784546,0.006386280059814453,-0.13395553827285767,-0.9951821141477682,-0.9726573675404079,-0.9839620235145461,-2.529545416572663,0.43270060785515324,-2.656278586247978
cnn,tomo4_20deg160,41,9,cnn_tomo4_20deg160_bary_perm0009_s41.npy,cnn_tomo4_20deg160_nobnt_s41.npy,100000,100000,6,413231.86541612254,446954.9378004987,0.9245492788370789,True,True,-25.863528263759584,-26.02042611644859,1.9073568484688022,2.3726983547457974,True,True,-0.008558759689331064,-0.022530760765075653,-0.0249021053314209,-0.02709624171257019,-0.0017889142036437988,-0.10923665761947632,-0.7084158876119266,-1.5265653537233883,-0.49379764358535494,-2.242779190036822,-0.12120737832782717,-2.1661142063187873
cnn,tomo4_20deg160,41,10,cnn_tomo4_20deg160_bary_perm0010_s41.npy,cnn_tomo4_20deg160_nobnt_s41.npy,100000,100000,6,419387.7756544241,446954.9378004987,0.9383222785685402,True,True,-25.893102499603145,-26.02042611644859,1.3627945449935557,1.1823937642524525,True,True,0.00938086748123168,-0.01716360092163083,0.035572826862335205,-0.009156614542007446,0.0035782456398010254,-0.048761725425720215,0.7764624553684605,-1.1629149492684012,0.7053932929167579,-0.7579008470564347,0.24244302612715984,-0.9669232698166742
cnn,tomo4_20deg160,41,11,cnn_tomo4_20deg160_bary_perm0011_s41.npy,cnn_tomo4_20deg160_nobnt_s41.npy,100000,100000,6,407815.8544883753,446954.9378004987,0.9124317017175603,True,True,-25.83714202892957,-26.02042611644859,0.5812707670271993,1.8566436843355467,True,True,-0.0024036264419555753,-0.004689302444457977,-0.002850174903869629,-0.020941108465194702,0.016052544116973877,-0.08718472719192505,-0.19895022423494882,-0.3177223671886032,-0.05651769730333208,-1.7333135266598438,1.087635608206958,-1.728834260036764
cnn,tomo4_20deg160,41,12,cnn_tomo4_20deg160_bary_perm0012_s41.npy,cnn_tomo4_20deg160_nobnt_s41.npy,100000,100000,6,403292.62151400966,446954.9378004987,0.9023115920782645,True,True,-25.814835370830348,-26.02042611644859,2.6301814701538264,3.1059095270078507,True,True,-0.01633980333805085,-0.023802783489227264,-0.04359090328216553,-0.03487728536128998,-0.00306093692779541,-0.12792545557022095,-1.352459550834091,-1.6127508953518213,-0.8643881726470171,-2.886822853258986,-0.20739291995626016,-2.5367047353804493
cnn,tomo4_20deg160,41,13,cnn_tomo4_20deg160_bary_perm0013_s41.npy,cnn_tomo4_20deg160_nobnt_s41.npy,100000,100000,6,425198.8992748216,446954.9378004987,0.9513238658180168,True,True,-25.92062467344641,-26.02042611644859,1.3566659192408608,1.541468382823099,True,True,0.0008547508716583163,-0.01959219217300412,0.009871959686279297,-0.01768273115158081,0.0011496543884277344,-0.07446259260177612,0.07074846349380565,-1.3274634659101006,0.19575655816150975,-1.4636148389310895,0.07789450948546064,-1.4765600045719225
cnn,tomo4_20deg160,41,14,cnn_tomo4_20deg160_bary_perm0014_s41.npy,cnn_tomo4_20deg160_nobnt_s41.npy,100000,100000,6,440258.14731911884,446954.9378004987,0.9850168553583158,True,True,-25.990233064613474,-26.02042611644859,2.856455899052742,2.3916924363076397,True,True,0.012067993879318228,-0.0332691931724548,0.03577005863189697,-0.0064694881439208984,-0.01252734661102295,-0.04856449365615845,0.998878214371352,-2.254144818852488,0.7093043109513207,-0.535485088053543,-0.8487868434569269,-0.9630122517821114
cnn,tomo4_20deg160,41,15,cnn_tomo4_20deg160_bary_perm0015_s41.npy,cnn_tomo4_20deg160_nobnt_s41.npy,100000,100000,6,422218.82316515915,446954.9378004987,0.9446563567301259,True,True,-25.906557993859366,-26.02042611644859,2.2386075546040414,2.7891699359070006,True,True,-0.013467261791229257,-0.01922377586364743,-0.03321850299835205,-0.032004743814468384,0.0015180706977844238,-0.11755305528640747,-1.1146968207821617,-1.3025015225707375,-0.6587081006087502,-2.649060123207057,0.10285645282482359,-2.3310246633421823
cnn,tomo4_20deg160,41,16,cnn_tomo4_20deg160_bary_perm0016_s41.npy,cnn_tomo4_20deg160_nobnt_s41.npy,100000,100000,6,403928.8346347599,446954.9378004987,0.9037350311477178,True,True,-25.817987979065123,-26.02042611644859,1.289175870069974,2.144148333833558,True,True,-0.007148394584655771,-0.011181559562683074,-0.015963077545166016,-0.025685876607894897,0.00956028699874878,-0.10029762983322144,-0.5916787570285202,-0.7576034208061553,-0.31654070895874326,-2.1260420594534155,0.6477545545894059,-1.9888572716921753
cnn,tomo4_20deg160,41,17,cnn_tomo4_20deg160_bary_perm0017_s41.npy,cnn_tomo4_20deg160_nobnt_s41.npy,100000,100000,6,416145.39079537446,446954.9378004987,0.9310678898487161,True,True,-25.87757995057556,-26.02042611644859,2.477402840093139,0.7932508478598737,True,True,0.02202253580093383,-0.024942483901977508,0.10848408937454224,0.003485053777694702,-0.004200637340545654,0.024149537086486816,1.8228241956987723,-1.6899709760170791,2.151191113630848,0.28846089327387725,-0.284613000621518,0.4788745508974159
cnn,tomo4_20deg160,41,18,cnn_tomo4_20deg160_bary_perm0018_s41.npy,cnn_tomo4_20deg160_nobnt_s41.npy,100000,100000,6,446646.4265729352,446954.9378004987,0.999309748698422,True,True,-26.019045137179216,-26.02042611644859,2.9202320085445845,2.8162173763415836,True,True,0.009314616918563834,-0.027477827072143524,0.01627141237258911,-0.009222865104675293,-0.00673598051071167,-0.06806313991546631,0.7709788394170001,-1.861752438868259,0.3226548510840964,-0.7633844630078951,-0.4563944634726977,-1.3496617116493357
cnn,tomo4_20deg160,41,19,cnn_tomo4_20deg160_bary_perm0019_s41.npy,cnn_tomo4_20deg160_nobnt_s41.npy,100000,100000,6,406440.96633747494,446954.9378004987,0.9093555791946359,True,True,-25.830387946323768,-26.02042611644859,1.8731828667220594,3.029736322151437,True,True,-0.012172112464904794,-0.009945597648620574,-0.06074357032775879,-0.03070959448814392,0.01079624891281128,-0.1450781226158142,-1.0074961990913986,-0.673861169214984,-1.204517910899748,-2.541859501516294,0.7314968061805772,-2.8768344736331803
cnn,tomo4_20deg160,42,0,cnn_tomo4_20deg160_bary_perm0000_s42.npy,cnn_tomo4_20deg160_nobnt_s42.npy,100000,100000,6,451937.36262699513,456818.16532338865,0.989315655403199,True,True,-26.042597741905308,-26.064081406006075,3.5763862341367663,1.1191289515102691,True,True,0.017263015508651725,-0.05069735288619992,0.07285994291305542,-0.0024742484092712402,-0.014044463634490967,-0.010361313819885254,1.458586221689229,-3.389595568952267,1.4498718760919715,-0.20905412713038718,-0.9390046815785558,-0.20618431618511304
cnn,tomo4_20deg160,42,1,cnn_tomo4_20deg160_bary_perm0001_s42.npy,cnn_tomo4_20deg160_nobnt_s42.npy,100000,100000,6,416418.060870712,456818.16532338865,0.9115619572087795,True,True,-25.87888997726261,-26.064081406006075,2.7427697483139233,1.716779662636888,True,True,0.0009781026840209872,-0.03685029983520505,0.0021861791610717773,-0.018759161233901978,-0.00019741058349609375,-0.0810350775718689,0.08264182451758044,-2.4637896443302068,0.04350373545473024,-1.5849985243020357,-0.013198756956495548,-1.6125524568223544
cnn,tomo4_20deg160,42,2,cnn_tomo4_20deg160_bary_perm0002_s42.npy,cnn_tomo4_20deg160_nobnt_s42.npy,100000,100000,6,405551.8065900913,456818.16532338865,0.8877751310589738,True,True,-25.826007808310592,-26.064081406006075,1.089877188857607,1.905151438671565,True,True,0.001200845241546622,-0.015523817539215057,0.006136119365692139,-0.018536418676376343,0.021129071712493896,-0.07708513736724854,0.10146178243442795,-1.0379134244397625,0.12210532345978826,-1.5661785663851882,1.4126774629339487,-1.5339508688172963
cnn,tomo4_20deg160,42,3,cnn_tomo4_20deg160_bary_perm0003_s42.npy,cnn_tomo4_20deg160_nobnt_s42.npy,100000,100000,6,465216.7087619657,456818.16532338865,1.0183848718726665,True,True,-26.100517232709464,-26.064081406006075,3.3434883268269386,0.846035077126654,True,True,0.02816509246826171,-0.03965022802352902,0.11192107200622559,0.008427828550338745,-0.0029973387718200684,0.028699815273284912,2.379724202079346,-2.650991216803449,2.2271663709307457,0.7120838532597302,-0.20040032942973782,0.5711101786536609
cnn,tomo4_20deg160,42,4,cnn_tomo4_20deg160_bary_perm0004_s42.npy,cnn_tomo4_20deg160_nobnt_s42.npy,100000,100000,6,386523.29082925705,456818.16532338865,0.8461206671928889,True,True,-25.729894812143534,-26.064081406006075,0.5136255804352445,2.7484989387119145,True,True,0.0027002596855163485,0.0026044583320617987,0.004893779754638672,-0.017037004232406616,0.03925734758377075,-0.078327476978302,0.22815026553750953,0.17413257141243224,0.09738346408678694,-1.4394900832821065,2.624723458786143,-1.5586727281902977
cnn,tomo4_20deg160,42,5,cnn_tomo4_20deg160_bary_perm0005_s42.npy,cnn_tomo4_20deg160_nobnt_s42.npy,100000,100000,6,425702.8173633029,456818.16532338865,0.9318867980259526,True,True,-25.92299353996784,-26.064081406006075,1.933696946911128,0.8443881228868589,True,True,0.013732453584671012,-0.026629354953765838,0.060895562171936035,-0.006004810333251953,0.010023534297943115,-0.02232569456100464,1.1602820827305378,-1.7804232058812635,1.2117874299909697,-0.5073582660890782,0.6701676814924478,-0.4442687622861149
cnn,tomo4_20deg160,42,6,cnn_tomo4_20deg160_bary_perm0006_s42.npy,cnn_tomo4_20deg160_nobnt_s42.npy,100000,100000,6,429328.2639841497,456818.16532338865,0.9398230993730767,True,True,-25.939954178836565,-26.064081406006075,2.783247123897108,1.620366191698194,True,True,0.0020501816272735507,-0.04001399517059323,0.013951718807220459,-0.017687082290649414,-0.0033611059188842773,-0.06926953792572021,0.17322388849172485,-2.675312476980228,0.27763135562528385,-1.494416460327891,-0.22472158960651692,-1.3784248366518006
cnn,tomo4_20deg160,42,7,cnn_tomo4_20deg160_bary_perm0007_s42.npy,cnn_tomo4_20deg160_nobnt_s42.npy,100000,100000,6,432507.12760005204,456818.16532338865,0.9467818060472126,True,True,-25.954708170436795,-26.064081406006075,2.6598572671461547,1.8244376360890466,True,True,-0.000996122360229501,-0.03733428955078122,0.0012247562408447266,-0.020733386278152466,-0.0006814002990722656,-0.08199650049209595,-0.08416434249387879,-2.4961489156124363,0.024371960197497055,-1.7518046913134948,-0.04555802823872498,-1.6316842320795875
cnn,tomo4_20deg160,42,8,cnn_tomo4_20deg160_bary_perm0008_s42.npy,cnn_tomo4_20deg160_nobnt_s42.npy,100000,100000,6,410473.0538783125,456818.16532338865,0.8985480110838682,True,True,-25.850131127047035,-26.064081406006075,1.7607811342749895,2.4967163650334667,True,True,-0.00872976541519166,-0.01798936367034909,-0.037886738777160645,-0.028467029333114624,0.018663525581359863,-0.12110799551010132,-0.7375950943678545,-1.2027584067783612,-0.7539247882117891,-2.4052354431874705,1.24783248059535,-2.4099809804888737
cnn,tomo4_20deg160,42,9,cnn_tomo4_20deg160_bary_perm0009_s42.npy,cnn_tomo4_20deg160_nobnt_s42.npy,100000,100000,6,421313.77989081497,456818.16532338865,0.9222789544556759,True,True,-25.902266310913866,-26.064081406006075,2.7585074195843844,2.3794769592635894,True,True,-0.007638404369354257,-0.03575846195220944,-0.024721384048461914,-0.02737566828727722,0.0008944272994995117,-0.10794264078140259,-0.6453838475234666,-2.3907899976124876,-0.49194163537439595,-2.3130241963430827,0.0598008897612235,-2.1479978276514804
cnn,tomo4_20deg160,42,10,cnn_tomo4_20deg160_bary_perm0010_s42.npy,cnn_tomo4_20deg160_nobnt_s42.npy,100000,100000,6,416802.50078455283,456818.16532338865,0.9124035172495645,True,True,-25.880735538732466,-26.064081406006075,1.5148872181699562,1.5616222334706615,True,True,0.009288480281829825,-0.015556182861328094,0.029729783535003662,-0.01044878363609314,0.02109670639038086,-0.05349147319793701,0.7848020151936478,-1.0400773510784633,0.5916059676459107,-0.8828383336259682,1.4105135362952477,-1.0644502246311738
cnn,tomo4_20deg160,42,11,cnn_tomo4_20deg160_bary_perm0011_s42.npy,cnn_tomo4_20deg160_nobnt_s42.npy,100000,100000,6,394501.2067607609,456818.16532338865,0.863584762399909,True,True,-25.770754956452052,-26.064081406006075,0.9753272146594543,2.558731516213034,True,True,-0.006062219142913827,-0.009614195823669403,-0.02387702465057373,-0.025799483060836792,0.02703869342803955,-0.1070982813835144,-0.5122088496232483,-0.642799548846265,-0.47513935835679116,-2.1798491984428643,1.8077913385274462,-2.131195550633876
cnn,tomo4_20deg160,42,12,cnn_tomo4_20deg160_bary_perm0012_s42.npy,cnn_tomo4_20deg160_nobnt_s42.npy,100000,100000,6,425435.2333335373,456818.16532338865,0.9313010419197431,True,True,-25.92173600465562,-26.064081406006075,2.5747758976577857,2.65707495860443,True,True,-0.009157607555389413,-0.03201475381851193,-0.020606637001037598,-0.028894871473312378,0.0046381354331970215,-0.10382789373397827,-0.7737443204655616,-2.140487846138898,-0.41006048391079797,-2.4413846692851777,0.31010304123481314,-2.0661166761878826
cnn,tomo4_20deg160,42,13,cnn_tomo4_20deg160_bary_perm0013_s42.npy,cnn_tomo4_20deg160_nobnt_s42.npy,100000,100000,6,422816.4488456672,456818.16532338865,0.9255683791522363,True,True,-25.90938687355203,-26.064081406006075,2.6455030500636365,1.8532699942174469,True,True,-0.0014321005344390958,-0.0359462761878967,-0.004372000694274902,-0.02116936445236206,0.0007066130638122559,-0.08759325742721558,-0.12100099814889112,-2.4033471483280424,-0.08700035431606039,-1.7886413469685072,0.0472437390456687,-1.743056546593145
cnn,tomo4_20deg160,42,14,cnn_tomo4_20deg160_bary_perm0014_s42.npy,cnn_tomo4_20deg160_nobnt_s42.npy,100000,100000,6,413601.8457867826,456818.16532338865,0.9053971080462343,True,True,-25.865318129800798,-26.064081406006075,3.809349710307445,2.605069320440175,True,True,0.005044987201690665,-0.03823819398880002,-0.0035371780395507812,-0.0146922767162323,-0.0015853047370910645,-0.08675843477249146,0.42626091700471513,-2.556583441350738,-0.0703878531224579,-1.241379431814901,-0.1059925539770266,-1.7264440453995424
cnn,tomo4_20deg160,42,15,cnn_tomo4_20deg160_bary_perm0015_s42.npy,cnn_tomo4_20deg160_nobnt_s42.npy,100000,100000,6,430251.843394783,456818.16532338865,0.9418448653201018,True,True,-25.944251997076492,-26.064081406006075,1.9614829750146205,2.690382392459679,True,True,-0.006920257806777963,-0.021948542594909637,-0.009685754776000977,-0.026657521724700928,0.014704346656799316,-0.09290701150894165,-0.5847062283205933,-1.467466810183633,-0.19274107125234918,-2.2523465771402096,0.9831240771900782,-1.8487972635294339
cnn,tomo4_20deg160,42,16,cnn_tomo4_20deg160_bary_perm0016_s42.npy,cnn_tomo4_20deg160_nobnt_s42.npy,100000,100000,6,421726.0605774476,456818.16532338865,0.9231814594739269,True,True,-25.904222473361756,-26.064081406006075,2.086659175031287,1.8296923471686706,True,True,-0.0011251962184906095,-0.029765214920043914,0.004171192646026611,-0.020862460136413574,0.006887674331665039,-0.07905006408691406,-0.0950700473022634,-1.9900849819193636,0.08300438712191169,-1.7627103961218795,0.4605059054543477,-1.573051805155173
cnn,tomo4_20deg160,42,17,cnn_tomo4_20deg160_bary_perm0017_s42.npy,cnn_tomo4_20deg160_nobnt_s42.npy,100000,100000,6,424104.6066161173,456818.16532338865,0.9283882271097671,True,True,-25.915470835005056,-26.064081406006075,2.2149292961523797,1.6093092486042453,True,True,0.02256019949913024,-0.021380867958068817,0.10400384664535522,0.0028229355812072754,0.015272021293640137,0.02078258991241455,1.9061557426916564,-1.4295124136698456,2.069618040140725,0.23851539387204035,1.0210784737038656,0.41356184786364064
cnn,tomo4_20deg160,42,18,cnn_tomo4_20deg160_bary_perm0018_s42.npy,cnn_tomo4_20deg160_nobnt_s42.npy,100000,100000,6,468514.18867808196,456818.16532338865,1.0256032361287855,True,True,-26.114643331068216,-26.064081406006075,4.120242932307685,2.359961376895067,True,True,0.016090830564498892,-0.043676581382751434,0.041937172412872314,-0.0036464333534240723,-0.0070236921310424805,-0.04128408432006836,1.359546004297545,-2.9201908638953062,0.8345261389622715,-0.3080943445220712,-0.46959997652159496,-0.8215300533148131
cnn,tomo4_20deg160,42,19,cnn_tomo4_20deg160_bary_perm0019_s42.npy,cnn_tomo4_20deg160_nobnt_s42.npy,100000,100000,6,390644.3625425679,456818.16532338865,0.8551419190303536,True,True,-25.751105732706637,-26.064081406006075,2.137598410881687,3.2182473718262607,True,True,-0.012803608775138864,-0.007754232883453338,-0.06959903240203857,-0.03254087269306183,0.028898656368255615,-0.15282028913497925,-1.081802153161329,-0.5184435069297663,-1.3849815913710806,-2.749442501980945,1.9321473804439449,-3.0410377836481652
cnn,tomo4_20deg160,43,0,cnn_tomo4_20deg160_bary_perm0000_s43.npy,cnn_tomo4_20deg160_nobnt_s43.npy,100000,100000,6,433178.6717359788,439036.841763041,0.9866567689318794,True,True,-25.95781111735424,-25.984677221095072,2.71034883520319,1.1316216246455417,True,True,-0.0020603632926941007,-0.02904900550842282,-0.023655295372009277,-0.0020543336868286133,-0.014658451080322266,-0.008874297142028809,-0.17602312450498273,-1.9603159819388747,-0.4527065438789148,-0.1755079968730063,-0.9891972348207607,-0.16983311031812962
cnn,tomo4_20deg160,43,1,cnn_tomo4_20deg160_bary_perm0001_s43.npy,cnn_tomo4_20deg160_nobnt_s43.npy,100000,100000,6,410158.66748042096,439036.841763041,0.9342238018872087,True,True,-25.848598715344735,-25.984677221095072,1.8955626405974202,0.7140948289881279,True,True,-0.008315423727035531,-0.012884583473205535,-0.04993247985839844,-0.008309394121170044,0.0015059709548950195,-0.03515148162841797,-0.710412028405797,-0.8694912084280041,-0.9555898596280785,-0.7098969007738205,0.10162753869010988,-0.6727164260672933
cnn,tomo4_20deg160,43,2,cnn_tomo4_20deg160_bary_perm0002_s43.npy,cnn_tomo4_20deg160_nobnt_s43.npy,100000,100000,6,385647.5008239535,439036.841763041,0.8783943945918256,True,True,-25.72535804183154,-25.984677221095072,1.4814003108727716,1.3634110577410437,True,True,-0.012630800008773813,-0.00020476818084713688,-0.0662151575088501,-0.012624770402908325,0.014185786247253418,-0.05143415927886963,-1.0790877950629563,-0.013818384845939129,-1.2672018944096295,-1.07857266743098,0.9573003622721749,-0.9843284608488444
cnn,tomo4_20deg160,43,3,cnn_tomo4_20deg160_bary_perm0003_s43.npy,cnn_tomo4_20deg160_nobnt_s43.npy,100000,100000,6,451640.83855608996,439036.841763041,1.0287082895878057,True,True,-26.041285075968208,-25.984677221095072,2.47858585295535,1.2276386718230885,True,True,0.01307868003845214,-0.020594325065612762,0.035485684871673584,0.013084709644317627,-0.006203770637512207,0.05026668310165405,1.1173515529676494,-1.3897682160464768,0.6791122876631033,1.117866680599626,-0.41864946892836286,0.9619857212238884
cnn,tomo4_20deg160,43,4,cnn_tomo4_20deg160_bary_perm0004_s43.npy,cnn_tomo4_20deg160_nobnt_s43.npy,100000,100000,6,360044.5710332005,439036.841763041,0.8200782640185021,True,True,-25.587966222388438,-25.984677221095072,2.59137493397014,2.936358227074995,True,True,-0.01637342035770417,0.027767512798309357,-0.09748268127441406,-0.016367390751838684,0.04215806722640991,-0.0827016830444336,-1.3988312742788132,1.873836923657682,-1.8655885303384951,-1.3983161466468368,2.844955670775796,-1.58271509677771
cnn,tomo4_20deg160,43,5,cnn_tomo4_20deg160_bary_perm0005_s43.npy,cnn_tomo4_20deg160_nobnt_s43.npy,100000,100000,6,397908.509462713,439036.841763041,0.9063214555407949,True,True,-25.78795476423855,-25.984677221095072,1.1943412990713544,0.7685680934991159,True,True,-0.003598937988281259,-0.004193749427795379,-0.028692007064819336,-0.0035929083824157715,0.010196805000305176,-0.013911008834838867,-0.3074682566143923,-0.28300707317400503,-0.5490973226499382,-0.3069531289824159,0.6881116739441089,-0.266223889089153
cnn,tomo4_20deg160,43,6,cnn_tomo4_20deg160_bary_perm0006_s43.npy,cnn_tomo4_20deg160_nobnt_s43.npy,100000,100000,6,421002.9335619761,439036.841763041,0.9589239296441591,True,True,-25.90079016144189,-25.984677221095072,2.2835491024863956,1.2158785890329047,True,True,-0.010945568084716806,-0.021534528732299774,-0.055191993713378906,-0.010939538478851318,-0.007143974304199219,-0.04041099548339844,-0.9351132883145973,-1.4532160429798178,-1.056244546129642,-0.9345981606826208,-0.4820972958617038,-0.7733711125688567
cnn,tomo4_20deg160,43,7,cnn_tomo4_20deg160_bary_perm0007_s43.npy,cnn_tomo4_20deg160_nobnt_s43.npy,100000,100000,6,416395.00867836474,439036.841763041,0.9484283984146902,True,True,-25.878779257615207,-25.984677221095072,2.874516488325541,1.705963205877853,True,True,-0.015638495087623605,-0.024705495834350555,-0.07864975929260254,-0.015632465481758118,-0.01031494140625,-0.06386876106262207,-1.336044365399217,-1.667202628047254,-1.5051708358033642,-1.3355292377672403,-0.6960838809291401,-1.222297402242579
cnn,tomo4_20deg160,43,8,cnn_tomo4_20deg160_bary_perm0008_s43.npy,cnn_tomo4_20deg160_nobnt_s43.npy,100000,100000,6,389067.74806413834,439036.841763041,0.8861847368019465,True,True,-25.743017533968967,-25.984677221095072,2.7046571550032996,2.195345833015385,True,True,-0.025510544180870065,-0.002598609924316375,-0.1257394552230835,-0.025504514575004578,0.01179194450378418,-0.11095845699310303,-2.179443649798048,-0.17536216735493115,-2.40635651798351,-2.1789285221660712,0.7957565797631828,-2.123483084422725
cnn,tomo4_20deg160,43,9,cnn_tomo4_20deg160_bary_perm0009_s43.npy,cnn_tomo4_20deg160_nobnt_s43.npy,100000,100000,6,398977.3276372763,439036.841763041,0.9087559167816132,True,True,-25.79331974258659,-25.984677221095072,2.8865798405317653,2.1107433831315836,True,True,-0.02234173774719239,-0.019696500301361053,-0.10316038131713867,-0.022335708141326904,-0.005305945873260498,-0.0883793830871582,-1.908722844692805,-1.3291802474210859,-1.9742463138538273,-1.9082077170608287,-0.358061500302972,-1.6913728802930421
cnn,tomo4_20deg160,43,10,cnn_tomo4_20deg160_bary_perm0010_s43.npy,cnn_tomo4_20deg160_nobnt_s43.npy,100000,100000,6,402823.55978993967,439036.841763041,0.9175165304404077,True,True,-25.81250785632121,-25.984677221095072,1.7559517928085688,1.586266321842414,True,True,-0.0036721622943878263,0.008822474479675324,-0.04031717777252197,-0.003666132688522339,0.02321302890777588,-0.025536179542541504,-0.3137240325721039,0.595367635485515,-0.7715756629252318,-0.3132089049401275,1.566486382603629,-0.4887022293644466
cnn,tomo4_20deg160,43,11,cnn_tomo4_20deg160_bary_perm0011_s43.npy,cnn_tomo4_20deg160_nobnt_s43.npy,100000,100000,6,386992.25270268304,439036.841763041,0.8814573536668076,True,True,-25.732319905910845,-25.984677221095072,1.7280926438881123,2.2740210465449597,True,True,-0.016998538970947275,0.014006350040435822,-0.08528757095336914,-0.016992509365081787,0.028396904468536377,-0.07050657272338867,-1.452237065325203,0.9451914567242368,-1.632202890512794,-1.4517219376932264,1.9163102038423507,-1.349329456952009
cnn,tomo4_20deg160,43,12,cnn_tomo4_20deg160_bary_perm0012_s43.npy,cnn_tomo4_20deg160_nobnt_s43.npy,100000,100000,6,391282.25904429227,439036.841763041,0.8912287576437081,True,True,-25.754368937338004,-25.984677221095072,2.600407076179863,2.7351750442179634,True,True,-0.02739858090877534,-0.007725026607513397,-0.112801194190979,-0.02739255130290985,0.006665527820587158,-0.09802019596099854,-2.3407443899172766,-0.5213084873153634,-2.1587487268511287,-2.3402292622853,0.4498102598027506,-1.8758752932903435
cnn,tomo4_20deg160,43,13,cnn_tomo4_20deg160_bary_perm0013_s43.npy,cnn_tomo4_20deg160_nobnt_s43.npy,100000,100000,6,391039.55791621073,439036.841763041,0.8906759540860227,True,True,-25.753128009982504,-25.984677221095072,2.0615947298001402,1.4834681308972724,True,True,-0.017072851061820993,-0.006277170181274383,-0.08632659912109375,-0.017066821455955505,0.008113384246826172,-0.07154560089111328,-1.4585857740555872,-0.4236026952500796,-1.652087438281326,-1.4580706464236106,0.5475160518680343,-1.3692140047205408
cnn,tomo4_20deg160,43,14,cnn_tomo4_20deg160_bary_perm0014_s43.npy,cnn_tomo4_20deg160_nobnt_s43.npy,100000,100000,6,406425.03921443457,439036.841763041,0.9257196675849636,True,True,-25.83030957117739,-25.984677221095072,3.4960673303592364,1.8908360804662816,True,True,-0.0070633089542389005,-0.01751735448837277,-0.06727182865142822,-0.007057279348373413,-0.003126800060272217,-0.052490830421447754,-0.6034400418012811,-1.1821248047506823,-1.2874240870920832,-0.6029249141693047,-0.2110060576325684,-1.0045506535312982
cnn,tomo4_20deg160,43,15,cnn_tomo4_20deg160_bary_perm0015_s43.npy,cnn_tomo4_20deg160_nobnt_s43.npy,100000,100000,6,395501.2438607955,439036.841763041,0.900838394956971,True,True,-25.775818422437034,-25.984677221095072,2.5453321846941566,2.48857915060667,True,True,-0.02614202558994294,-0.008770492076873748,-0.11161506175994873,-0.026135995984077454,0.005620062351226807,-0.09683406352996826,-2.233393033911988,-0.5918597035199279,-2.136048950543546,-2.2328779062800113,0.3792590435981861,-1.8531755169827606
cnn,tomo4_20deg160,43,16,cnn_tomo4_20deg160_bary_perm0016_s43.npy,cnn_tomo4_20deg160_nobnt_s43.npy,100000,100000,6,404831.88663946517,439036.841763041,0.9220909229707946,True,True,-25.82245433039129,-25.984677221095072,1.7716988660235113,2.0342095251860144,True,True,-0.01892837345600129,0.00629809856414798,-0.09123373031616211,-0.018922343850135803,0.020688652992248535,-0.07645273208618164,-1.617108715408083,0.42501500671152886,-1.7459983520426667,-1.6165935877761066,1.3961337538296428,-1.4631249184818815
cnn,tomo4_20deg160,43,17,cnn_tomo4_20deg160_bary_perm0017_s43.npy,cnn_tomo4_20deg160_nobnt_s43.npy,100000,100000,6,397884.84078490443,439036.841763041,0.9062675450814506,True,True,-25.787835795273512,-25.984677221095072,1.398377822450282,0.5628081747839806,True,True,0.0030873322486877353,-0.015752103328704803,0.00534820556640625,0.0030933618545532227,-0.001361548900604248,0.02012920379638672,0.26376021681516804,-1.063000242657502,0.10235203660938662,0.26427534444714446,-0.0918814955393881,0.3852254701701718
cnn,tomo4_20deg160,43,18,cnn_tomo4_20deg160_bary_perm0018_s43.npy,cnn_tomo4_20deg160_nobnt_s43.npy,100000,100000,6,430955.340268448,439036.841763041,0.9815926575497854,True,True,-25.94751948970074,-25.984677221095072,3.4323783315723166,1.8982867057249577,True,True,-0.0017279481887817472,-0.013033893108367889,-0.04805290699005127,-0.0017219185829162598,0.001356661319732666,-0.0332719087600708,-0.1476238876175935,-0.8795670805256343,-0.9196192693726354,-0.1471087599856171,0.09155166659247965,-0.6367458358118503
cnn,tomo4_20deg160,43,19,cnn_tomo4_20deg160_bary_perm0019_s43.npy,cnn_tomo4_20deg160_nobnt_s43.npy,100000,100000,6,376062.37293234345,439036.841763041,0.8565622224827173,True,True,-25.67502058814584,-25.984677221095072,3.379937340186217,2.8135471047864407,True,True,-0.02619341969490052,0.012364540100097687,-0.14786553382873535,-0.026187390089035034,0.026755094528198242,-0.13308453559875488,-2.237783789157846,0.8343970866926103,-2.8297974608097944,-2.23726866152587,1.8055158338107242,-2.5469240272490095
l1,tomo4_20deg160,41,0,l1_tomo4_20deg160_bary_perm0000_s41.npy,l1_tomo4_20deg160_nobnt_s41.npy,100000,100000,6,11375.303458910532,9053.030263554389,1.25651888127505,True,True,-18.678399842339456,-18.221709632801716,1.2404853731210457,1.3360817622869465,True,True,0.014635374546051017,-0.032583680152893035,-0.11363887786865234,-0.003196418285369873,-0.028734207153320312,-0.14613354206085205,0.38517120198271865,-0.6648025169793504,-0.5655940524061057,-0.08412277179114995,-0.5862619921782324,-0.7273238155535792
l1,tomo4_20deg160,41,1,l1_tomo4_20deg160_bary_perm0001_s41.npy,l1_tomo4_20deg160_nobnt_s41.npy,100000,100000,6,16079.792826056646,9053.030263554389,1.776177960079349,True,True,-19.370637317396515,-18.221709632801716,1.3253393792987196,1.5780431965992894,True,True,0.001816084384918204,-0.022777941226959197,-0.18131589889526367,-0.016015708446502686,-0.018928468227386475,-0.21381056308746338,0.04779538803328638,-0.4647367205986304,-0.9024305408960485,-0.4214985857405822,-0.38619619579751224,-1.064160304043522
l1,tomo4_20deg160,41,2,l1_tomo4_20deg160_bary_perm0002_s41.npy,l1_tomo4_20deg160_nobnt_s41.npy,100000,100000,6,17139.64620206262,9053.030263554389,1.8932496305754396,True,True,-19.49829910057088,-18.221709632801716,0.8838672889050755,1.6352677569054288,True,True,-0.028550962209701547,0.04029658794403079,-0.04176974296569824,-0.046382755041122437,0.044146060943603516,-0.07426440715789795,-0.7513991799438563,0.8221684280341445,-0.207892920407371,-1.2206931537177248,0.9007089528352626,-0.3696226835548445
l1,tomo4_20deg160,41,3,l1_tomo4_20deg160_bary_perm0003_s41.npy,l1_tomo4_20deg160_nobnt_s41.npy,100000,100000,6,11096.86329029599,9053.030263554389,1.2257623102144757,True,True,-18.628835521811055,-18.221709632801716,1.6309478728954865,1.0889980492623363,True,True,0.05293514370918273,-0.05691811084747311,0.10450053215026855,0.03510335087776184,-0.05306863784790039,0.07200586795806885,1.3931377612126323,-1.1612961818786491,0.5201114316332862,0.9238437874387638,-1.082755657077531,0.3583816684858127
l1,tomo4_20deg160,41,4,l1_tomo4_20deg160_bary_perm0004_s41.npy,l1_tomo4_20deg160_nobnt_s41.npy,100000,100000,6,12957.563630910225,9053.030263554389,1.4312957378563809,True,True,-18.938869921583095,-18.221709632801716,0.2725952041013068,0.9602056635036117,True,True,0.00758563518524169,-0.010425236225128143,0.0020931363105773926,-0.0102461576461792,-0.00657576322555542,-0.030401527881622314,0.19963740681240777,-0.21270535587288864,0.010417785447566495,-0.26965656696146084,-0.13416483107177052,-0.15131197769990698
l1,tomo4_20deg160,41,5,l1_tomo4_20deg160_bary_perm0005_s41.npy,l1_tomo4_20deg160_nobnt_s41.npy,100000,100000,6,14770.665947694508,9053.030263554389,1.6315714758138087,True,True,-19.20079692473831,-18.221709632801716,1.1075764380551298,0.9456360440934573,True,True,-0.017917895913124093,0.03804889678955081,-0.08854424953460693,-0.03574968874454498,0.041898369789123535,-0.12103891372680664,-0.4715600194681339,0.7763089447014173,-0.4406951375340053,-0.9408539932420025,0.8548494695025355,-0.6024249006814788
l1,tomo4_20deg160,41,6,l1_tomo4_20deg160_bary_perm0006_s41.npy,l1_tomo4_20deg160_nobnt_s41.npy,100000,100000,6,13547.278671707752,9053.030263554389,1.4964358095925372,True,True,-19.027881940202523,-18.221709632801716,1.8967966283137996,2.2272459581151876,True,True,0.02776976466178893,-0.06942852973937985,-0.11515414714813232,0.009937971830368042,-0.06557905673980713,-0.14764881134033203,0.7308397608754428,-1.416545371926544,-0.573135725716697,0.26154578710157417,-1.3380048471254258,-0.7348654888641705
l1,tomo4_20deg160,41,7,l1_tomo4_20deg160_bary_perm0007_s41.npy,l1_tomo4_20deg160_nobnt_s41.npy,100000,100000,6,10155.21203883441,9053.030263554389,1.1217472761266662,True,True,-18.451484708072442,-18.221709632801716,3.9782075696883874,3.8624570715742412,True,True,0.0691475474834442,-0.13894930124282834,-0.23767662048339844,0.051315754652023315,-0.13509982824325562,-0.27017128467559814,1.8198129398431915,-2.834972746028278,-1.1829444769489041,1.3505189660693229,-2.75643222122716,-1.3446742400963778
l1,tomo4_20deg160,41,8,l1_tomo4_20deg160_bary_perm0008_s41.npy,l1_tomo4_20deg160_nobnt_s41.npy,100000,100000,6,13393.38094191922,9053.030263554389,1.4794362276505557,True,True,-19.005031808685047,-18.221709632801716,1.2587154426487195,2.1544099161142256,True,True,-0.004779586791992196,-0.025453653335571258,-0.10669457912445068,-0.022611379623413086,-0.021604180335998535,-0.1391892433166504,-0.12578832088373826,-0.5193290851250016,-0.5310314613147773,-0.5950822946576069,-0.44078856032388347,-0.6927612244622507
l1,tomo4_20deg160,41,9,l1_tomo4_20deg160_bary_perm0009_s41.npy,l1_tomo4_20deg160_nobnt_s41.npy,100000,100000,6,8971.719632788065,9053.030263554389,0.9910184072736768,True,True,-18.20366529203975,-18.221709632801716,1.9061380752825594,2.71549147793952,True,True,0.03165032505989074,-0.0651484394073486,0.16385811567306519,0.013818532228469849,-0.06129896640777588,0.13136345148086548,0.8329676639366399,-1.3292189922087907,0.815541101789801,0.3636736901627713,-1.2506784674076725,0.6538113386423275
l1,tomo4_20deg160,41,10,l1_tomo4_20deg160_bary_perm0010_s41.npy,l1_tomo4_20deg160_nobnt_s41.npy,100000,100000,6,11778.449581669467,9053.030263554389,1.3010505033974147,True,True,-18.748053668168673,-18.221709632801716,0.570384510540579,0.865332043015583,True,True,0.01897307276725768,-0.023087646961212127,0.033212482929229736,0.001141279935836792,-0.019238173961639404,0.0007178187370300293,0.49932997751957586,-0.4710556247459879,0.16530243137497136,0.03003600374570727,-0.3925150999448697,0.003572668227497887
l1,tomo4_20deg160,41,11,l1_tomo4_20deg160_bary_perm0011_s41.npy,l1_tomo4_20deg160_nobnt_s41.npy,100000,100000,6,14653.617760415704,9053.030263554389,1.618642303606132,True,True,-19.18488506012501,-18.221709632801716,0.08821842851291208,1.1606357342671507,True,True,0.00018816232681273526,-0.0019698405265807795,0.0010585784912109375,-0.017643630504608154,0.0018796324729919434,-0.03143608570098877,0.00495202287842246,-0.040190516662758205,0.005268669577377935,-0.4643419508954461,0.03835000813835993,-0.15646109357009552
l1,tomo4_20deg160,41,12,l1_tomo4_20deg160_bary_perm0012_s41.npy,l1_tomo4_20deg160_nobnt_s41.npy,100000,100000,6,12310.95241559047,9053.030263554389,1.359870900371536,True,True,-18.836489170891284,-18.221709632801716,1.130552401257434,2.1961754615271785,True,True,-0.00850034713745118,-0.006961848735809295,0.019251704216003418,-0.02633213996887207,-0.0031123757362365723,-0.013242959976196289,-0.22371063438795713,-0.14204210637589984,0.09581799475210018,-0.6930046081618257,-0.0635015815747817,-0.06591176839537329
l1,tomo4_20deg160,41,13,l1_tomo4_20deg160_bary_perm0013_s41.npy,l1_tomo4_20deg160_nobnt_s41.npy,100000,100000,6,13188.130677757712,9053.030263554389,1.4567642318451508,True,True,-18.974145025961388,-18.221709632801716,1.1802913383981042,1.977537650914292,True,True,0.00787272095680236,-0.037416305541992156,-0.061798691749572754,-0.00995907187461853,-0.033566832542419434,-0.09429335594177246,0.20719287943500597,-0.7634022303087289,-0.3075793527320505,-0.26210109433886264,-0.6848617055076107,-0.46930911587952395
l1,tomo4_20deg160,41,14,l1_tomo4_20deg160_bary_perm0014_s41.npy,l1_tomo4_20deg160_nobnt_s41.npy,100000,100000,6,14581.579501455251,9053.030263554389,1.6106849394017437,True,True,-19.175028666256303,-18.221709632801716,0.6478600390931242,0.7864885254916077,True,True,0.008343240022659293,-0.011389222145080535,-0.046897053718566895,-0.009488552808761597,-0.0075397491455078125,-0.0793917179107666,0.21957591709363572,-0.23237349228074325,-0.23341214869482624,-0.24971805668023286,-0.15383296747962513,-0.3951419118422997
l1,tomo4_20deg160,41,15,l1_tomo4_20deg160_bary_perm0015_s41.npy,l1_tomo4_20deg160_nobnt_s41.npy,100000,100000,6,17040.07236528912,9053.030263554389,1.8822506795198617,True,True,-19.486646094327114,-18.221709632801716,1.7401278361974208,2.6967196045589166,True,True,-0.00045145511627198154,-0.039187099933624236,-0.05296587944030762,-0.01828324794769287,-0.035337626934051514,-0.08546054363250732,-0.01188131600107537,-0.7995316227863738,-0.2636174076491881,-0.48117528977494395,-0.7209910979852557,-0.42534717079666157
l1,tomo4_20deg160,41,16,l1_tomo4_20deg160_bary_perm0016_s41.npy,l1_tomo4_20deg160_nobnt_s41.npy,100000,100000,6,14144.814743365789,9053.030263554389,1.5624397943647512,True,True,-19.114206773360713,-18.221709632801716,1.8414385736731944,2.1115571057544043,True,True,0.02546145558357238,-0.06393757104873654,-0.13026905059814453,0.007629662752151489,-0.06008809804916382,-0.16276371479034424,0.6700900903147948,-1.3045137309013297,-0.6483643768117963,0.2007961165409263,-1.2259732061002115,-0.8100941399592697
l1,tomo4_20deg160,41,17,l1_tomo4_20deg160_bary_perm0017_s41.npy,l1_tomo4_20deg160_nobnt_s41.npy,100000,100000,6,5745.076705734445,9053.030263554389,0.6346026179612947,True,True,-17.312197083863317,-18.221709632801716,1.3856957078399106,1.6318860919089375,True,True,0.050229897499084464,-0.0619816446304321,0.20743083953857422,0.032398104667663574,-0.058132171630859375,0.1749361753463745,1.3219415693335597,-1.2646071028036514,1.0324076700601283,0.8526475955596912,-1.1860665780025335,0.8706779069126549
l1,tomo4_20deg160,41,18,l1_tomo4_20deg160_bary_perm0018_s41.npy,l1_tomo4_20deg160_nobnt_s41.npy,100000,100000,6,10527.983418677168,9053.030263554389,1.162923696506421,True,True,-18.52358415718037,-18.221709632801716,1.7231123167248665,1.4536617962297684,True,True,0.0369086468219757,-0.05572929620742795,-0.06260466575622559,0.01907685399055481,-0.051879823207855225,-0.09509932994842529,0.9713552471953575,-1.1370408810281785,-0.3115907800983402,0.5020612734214889,-1.0585003562270603,-0.47332054324581363
l1,tomo4_20deg160,41,19,l1_tomo4_20deg160_bary_perm0019_s41.npy,l1_tomo4_20deg160_nobnt_s41.npy,100000,100000,6,12027.954264961034,9053.030263554389,1.3286108534711376,True,True,-18.78997748344033,-18.221709632801716,0.5034347230947299,1.5572581086343982,True,True,-0.012967700362205514,0.011232528686523469,-0.01796424388885498,-0.030799493193626404,0.015082001686096191,-0.05045890808105469,-0.34128164740479083,0.22917648675054722,-0.0894101533742081,-0.8105756211786594,0.30771701155166536,-0.25113991652168155
l1,tomo4_20deg160,42,0,l1_tomo4_20deg160_bary_perm0000_s42.npy,l1_tomo4_20deg160_nobnt_s42.npy,100000,100000,6,15487.323867600846,14092.070484114894,1.0990098215204596,True,True,-19.295554306641453,-19.106735082319734,1.4649543284887419,1.2476746082100323,True,True,-0.0015370643138885587,-0.011588897705078094,-0.1726435422897339,-0.0032771527767181396,-0.025258183479309082,-0.10403478145599365,-0.05019714140014289,-0.2679379074186311,-1.1509886130729836,-0.10702460517518612,-0.583974852386214,-0.69358429067929
l1,tomo4_20deg160,42,1,l1_tomo4_20deg160_bary_perm0001_s42.npy,l1_tomo4_20deg160_nobnt_s42.npy,100000,100000,6,15090.295396216101,14092.070484114894,1.0708359295553087,True,True,-19.243614254395208,-19.106735082319734,0.6530940522209892,1.5913193890267228,True,True,-0.004845688343048105,-0.00824883222579953,-0.0745171308517456,-0.0065857768058776855,-0.021918118000030518,-0.005908370018005371,-0.15824952849347418,-0.19071484635330133,-0.4967945394985611,-0.21507699226851743,-0.5067517913208842,-0.03939021710486756
l1,tomo4_20deg160,42,2,l1_tomo4_20deg160_bary_perm0002_s42.npy,l1_tomo4_20deg160_nobnt_s42.npy,100000,100000,6,16171.730528164902,14092.070484114894,1.14757661384069,True,True,-19.382039935515856,-19.106735082319734,1.4124321760486342,1.2980949667817927,True,True,-0.027839998006820688,0.05680260419845584,-0.06035590171813965,-0.02958008646965027,0.043133318424224854,0.008252859115600586,-0.909193131283247,1.3132889160108818,-0.40238374796982934,-0.9660205950582902,0.997251971043299,0.05502057442386419
l1,tomo4_20deg160,42,3,l1_tomo4_20deg160_bary_perm0003_s42.npy,l1_tomo4_20deg160_nobnt_s42.npy,100000,100000,6,13278.168417789224,14092.070484114894,0.942243968532294,True,True,-18.987752986342684,-19.106735082319734,0.42894691250271844,1.2339650064873253,True,True,0.010780563354492179,-0.007146265506744354,0.04204154014587402,0.009040474891662598,-0.020815551280975342,0.11065030097961426,0.3520694991022202,-0.16522325716068803,0.2802846451258729,0.29524203532717697,-0.481260202128271,0.7376889675195665
l1,tomo4_20deg160,42,4,l1_tomo4_20deg160_bary_perm0004_s42.npy,l1_tomo4_20deg160_nobnt_s42.npy,100000,100000,6,9205.422654444257,14092.070484114894,0.6532342188339855,True,True,-18.25509601671867,-19.106735082319734,1.109392305151057,1.9961501986622379,True,True,0.02695926070213317,-0.02461233377456662,0.16147685050964355,0.02521917223930359,-0.03828161954879761,0.2300856113433838,0.8804301871303548,-0.5690426627337151,1.0765419531277773,0.8236027233553116,-0.8850796077012979,1.5339462755214708
l1,tomo4_20deg160,42,5,l1_tomo4_20deg160_bary_perm0005_s42.npy,l1_tomo4_20deg160_nobnt_s42.npy,100000,100000,6,9554.366689914787,14092.070484114894,0.6779959481954638,True,True,-18.329507147974766,-19.106735082319734,1.2118048226985516,1.4864532444222522,True,True,0.01969026565551757,-0.03856971502304074,-0.0580286979675293,0.01795017719268799,-0.05223900079727173,0.010580062866210938,0.6430407891104379,-0.8917404395137712,-0.38686862946769623,0.5862133253353947,-1.2077773844813542,0.07053569292599732
l1,tomo4_20deg160,42,6,l1_tomo4_20deg160_bary_perm0006_s42.npy,l1_tomo4_20deg160_nobnt_s42.npy,100000,100000,6,8917.423990823023,14092.070484114894,0.6327972884378541,True,True,-18.191524787199278,-19.106735082319734,2.002786729757453,3.0985921712796953,True,True,0.03437395930290221,-0.07458021879196164,0.09756296873092651,0.03263387084007263,-0.08824950456619263,0.16617172956466675,1.1225779429133511,-1.7243113423277223,0.6504376855199028,1.0657504791383077,-2.040348287295305,1.1078420079135962
l1,tomo4_20deg160,42,7,l1_tomo4_20deg160_bary_perm0007_s42.npy,l1_tomo4_20deg160_nobnt_s42.npy,100000,100000,6,14619.030996609528,14092.070484114894,1.0373941155835578,True,True,-19.18015890361105,-19.106735082319734,3.5082950935093553,3.346605197968648,True,True,0.03803466796874999,-0.09714671611785886,-0.25918734073638916,0.03629457950592041,-0.11081600189208984,-0.19057857990264893,1.2421286402159313,-2.246053808707383,-1.7279631423433255,1.185301176440888,-2.562090753674966,-1.2705588199496318
l1,tomo4_20deg160,42,8,l1_tomo4_20deg160_bary_perm0008_s42.npy,l1_tomo4_20deg160_nobnt_s42.npy,100000,100000,6,14013.722553514504,14092.070484114894,0.9944402825199671,True,True,-19.095584621852403,-19.106735082319734,1.040614209630845,2.064273382665397,True,True,-0.02415663957595826,0.012944135665893586,-0.10088026523590088,-0.025896728038787842,-0.0007251501083374023,-0.032271504402160645,-0.7889027424486682,0.2992713122441894,-0.6725536039769312,-0.8457302062237115,-0.016765632723393507,-0.2151492815832377
l1,tomo4_20deg160,42,9,l1_tomo4_20deg160_bary_perm0009_s42.npy,l1_tomo4_20deg160_nobnt_s42.npy,100000,100000,6,9286.088134369329,14092.070484114894,0.6589583940015736,True,True,-18.272545319272826,-19.106735082319734,2.643401372500756,3.1586078363415426,True,True,0.040007134675979605,-0.09919026136398312,-0.08150744438171387,0.038267046213150024,-0.11285954713821411,-0.012898683547973633,1.3065450665913456,-2.2933010319460436,-0.5433979117886228,1.2497176028163024,-2.6093379769136265,-0.08599358939492927
l1,tomo4_20deg160,42,10,l1_tomo4_20deg160_bary_perm0010_s42.npy,l1_tomo4_20deg160_nobnt_s42.npy,100000,100000,6,17120.227372692687,14092.070484114894,1.2148837455781423,True,True,-19.496031861445534,-19.106735082319734,0.5434162568857186,1.0790599334368167,True,True,-0.012035766839981088,0.018569324016571076,-0.057729125022888184,-0.013775855302810669,0.004900038242340088,0.01087963581085205,-0.39306168549137555,0.42932692528629546,-0.38487142155888254,-0.4498891492664188,0.11328998031871254,0.072532900834811
l1,tomo4_20deg160,42,11,l1_tomo4_20deg160_bary_perm0011_s42.npy,l1_tomo4_20deg160_nobnt_s42.npy,100000,100000,6,16080.591699748624,14092.070484114894,1.1411092300365133,True,True,-19.370736678608008,-19.106735082319734,0.8068845367327194,1.9530502196577018,True,True,-0.01508083403110505,0.0034174060821533514,-0.0660548210144043,-0.01682092249393463,-0.010251879692077637,0.0025539398193359375,-0.4925068856594069,0.07901119310516005,-0.4403775885144957,-0.5493343494344501,-0.23702575186242286,0.01702673387919784
l1,tomo4_20deg160,42,12,l1_tomo4_20deg160_bary_perm0012_s42.npy,l1_tomo4_20deg160_nobnt_s42.npy,100000,100000,6,9770.81222723592,14092.070484114894,0.6933553332883158,True,True,-18.374309752811754,-19.106735082319734,1.3520948307151182,2.384772455740326,True,True,-0.005548725128173837,-0.02505638837814328,-0.0921175479888916,-0.007288813591003418,-0.03872567415237427,-0.023508787155151367,-0.1812091643353723,-0.5793093045049859,-0.6141338818308243,-0.2380366281104155,-0.8953462494725688,-0.15672955943713074
l1,tomo4_20deg160,42,13,l1_tomo4_20deg160_bary_perm0013_s42.npy,l1_tomo4_20deg160_nobnt_s42.npy,100000,100000,6,9438.322198634083,14092.070484114894,0.6697612114041943,True,True,-18.305067020295176,-19.106735082319734,1.324666382559598,2.3857827301875463,True,True,0.006269028186798087,-0.0381210112571716,-0.046008944511413574,0.004528939723968506,-0.05179029703140259,0.02259981632232666,0.20473267871145218,-0.8813663080702643,-0.3067347352226608,0.14790521493640893,-1.1974032530378471,0.15066958717103274
l1,tomo4_20deg160,42,14,l1_tomo4_20deg160_bary_perm0014_s42.npy,l1_tomo4_20deg160_nobnt_s42.npy,100000,100000,6,14637.110256373735,14092.070484114894,1.0386770540832329,True,True,-19.18263076234447,-19.106735082319734,1.0338529191407315,0.39607123970809066,True,True,0.0055778229236602694,0.002182636260986359,-0.052272915840148926,0.0038377344608306885,-0.011486649513244629,0.01633584499359131,0.1821594343671901,0.0504630386174221,-0.348495692953072,0.12533197059214685,-0.2655739063501608,0.10890862944062153
l1,tomo4_20deg160,42,15,l1_tomo4_20deg160_bary_perm0015_s42.npy,l1_tomo4_20deg160_nobnt_s42.npy,100000,100000,6,19395.9580245589,14092.070484114894,1.3763739009411529,True,True,-19.745639948188316,-19.106735082319734,1.3391877454472523,1.9509181782406142,True,True,-0.03316935360431672,0.022793207168579133,-0.18245959281921387,-0.0349094420671463,0.009123921394348145,-0.11385083198547363,-1.0832381690099813,0.5269840486582568,-1.216430750293614,-1.1400656327850247,0.21094710369067382,-0.7590264278999205
l1,tomo4_20deg160,42,16,l1_tomo4_20deg160_bary_perm0016_s42.npy,l1_tomo4_20deg160_nobnt_s42.npy,100000,100000,6,16773.04442454652,14092.070484114894,1.1902469863072085,True,True,-19.45505675653226,-19.106735082319734,1.5180165465773396,1.727186456231014,True,True,-0.015352303385734567,-0.004671003818511932,-0.2118666172027588,-0.017092391848564148,-0.01834028959274292,-0.14325785636901855,-0.5013724779817406,-0.10799465320399845,-1.4124829730464163,-0.5581999417567838,-0.42403159817158137,-0.9550786506527229
l1,tomo4_20deg160,42,17,l1_tomo4_20deg160_bary_perm0017_s42.npy,l1_tomo4_20deg160_nobnt_s42.npy,100000,100000,6,9350.074098241415,14092.070484114894,0.663498959133164,True,True,-18.286279094393873,-19.106735082319734,1.094889776361391,1.4774644138960131,True,True,0.030090084075927725,-0.024213042259216278,0.11873602867126465,0.028349995613098145,-0.037882328033447266,0.18734478950500488,0.9826759956974986,-0.559810953575897,0.7915953017969297,0.9258485319224553,-0.87584789854348,1.2489996241906234
l1,tomo4_20deg160,42,18,l1_tomo4_20deg160_bary_perm0018_s42.npy,l1_tomo4_20deg160_nobnt_s42.npy,100000,100000,6,20152.344999998062,14092.070484114894,1.4300485526746787,True,True,-19.822151875549302,-19.106735082319734,2.4842518442989077,2.139943805327621,True,True,0.03049307107925414,-0.061407651901245086,-0.16990435123443604,0.02875298261642456,-0.07507693767547607,-0.1012955904006958,0.9958366652970809,-1.4197586490647565,-1.1327268369771935,0.9390092015220376,-1.7357955940323393,-0.6753225145834998
l1,tomo4_20deg160,42,19,l1_tomo4_20deg160_bary_perm0019_s42.npy,l1_tomo4_20deg160_nobnt_s42.npy,100000,100000,6,12349.074955548971,14092.070484114894,0.8763137375355387,True,True,-18.8426728737322,-19.106735082319734,1.3805678893032152,2.2324960005696717,True,True,-0.037733728289604196,0.04969564437866214,-0.04582691192626953,-0.03947381675243378,0.03602635860443115,0.022781848907470703,-1.2323006118826352,1.1489744151253136,-0.3055211512685189,-1.2891280756576784,0.8329374701577306,0.1518831711251746
l1,tomo4_20deg160,43,0,l1_tomo4_20deg160_bary_perm0000_s43.npy,l1_tomo4_20deg160_nobnt_s43.npy,100000,100000,6,10796.892461935235,8806.529616175296,1.2260098963505626,True,True,-18.57402727340531,-18.166497454314268,1.8193365738321643,1.2155772785512398,True,True,0.021764894723892203,-0.055363264083862274,-0.13729310035705566,0.0013065636157989502,-0.029398560523986816,-0.10909664630889893,0.5284520321663138,-1.0904954975531318,-0.8185753054205276,0.03172338789976229,-0.5790662529830078,-0.650461096299897
l1,tomo4_20deg160,43,1,l1_tomo4_20deg160_bary_perm0001_s43.npy,l1_tomo4_20deg160_nobnt_s43.npy,100000,100000,6,15093.390260801238,8806.529616175296,1.7138862774138204,True,True,-19.244024391796074,-18.166497454314268,1.5878152907632466,0.9552884857305041,True,True,0.004878839254379264,-0.0192919039726257,-0.17873764038085938,-0.01557949185371399,0.006672799587249756,-0.15054118633270264,0.1184583041313439,-0.37999447412472837,-1.0656778686212205,-0.37827034013520755,0.13143477044539564,-0.8975636595005898
l1,tomo4_20deg160,43,2,l1_tomo4_20deg160_bary_perm0002_s43.npy,l1_tomo4_20deg160_nobnt_s43.npy,100000,100000,6,15272.995656920384,8806.529616175296,1.7342808487088806,True,True,-19.26768311641435,-18.166497454314268,1.1860383396927128,1.0648107258413047,True,True,-0.01904947519302369,0.006423506736755402,-0.18603956699371338,-0.03950780630111694,0.03238821029663086,-0.15784311294555664,-0.462521597515677,0.1265244253720906,-1.1092137549238132,-0.9592502417822285,0.6379536699422146,-0.9410995458031827
l1,tomo4_20deg160,43,3,l1_tomo4_20deg160_bary_perm0003_s43.npy,l1_tomo4_20deg160_nobnt_s43.npy,100000,100000,6,8868.733205904986,8806.529616175296,1.0070633487242737,True,True,-18.18057449456125,-18.166497454314268,2.053614762273546,1.1990102828631193,True,True,0.037115981578826895,-0.04793282985687253,-0.11292028427124023,0.016657650470733643,-0.02196812629699707,-0.0847238302230835,0.9011766948565776,-0.9441375252861229,-0.6732585683119726,0.40444805059002614,-0.432708280715999,-0.505144359191342
l1,tomo4_20deg160,43,4,l1_tomo4_20deg160_bary_perm0004_s43.npy,l1_tomo4_20deg160_nobnt_s43.npy,100000,100000,6,8541.639266867667,8806.529616175296,0.9699211425098606,True,True,-18.105416439972217,-18.166497454314268,0.5029800535051439,1.2649740339447946,True,True,-0.020224804282188424,0.019952449798584015,-0.050818443298339844,-0.04068313539028168,0.04591715335845947,-0.022621989250183105,-0.4910586087676301,0.39300530831333286,-0.30299208507746755,-0.9877872530341816,0.9044345528834569,-0.134877875956837
l1,tomo4_20deg160,43,5,l1_tomo4_20deg160_bary_perm0005_s43.npy,l1_tomo4_20deg160_nobnt_s43.npy,100000,100000,6,13662.086943621944,8806.529616175296,1.5513587688989607,True,True,-19.04475979834604,-18.166497454314268,1.2706810843776726,0.8106293839268109,True,True,0.0019897425174713046,0.0037117338180542303,-0.11895537376403809,-0.018468588590621948,0.029676437377929688,-0.09075891971588135,0.04831098381979179,0.0731103753307,-0.7092412594447346,-0.4484176604467597,0.584539619900824,-0.541127050324104
l1,tomo4_20deg160,43,6,l1_tomo4_20deg160_bary_perm0006_s43.npy,l1_tomo4_20deg160_nobnt_s43.npy,100000,100000,6,17866.1574875135,8806.529616175296,2.0287398403450587,True,True,-19.58132711830297,-18.166497454314268,1.8889723568400758,1.5923202959406118,True,True,-0.0009893274307251065,-0.04040857791900632,-0.19175386428833008,-0.02144765853881836,-0.01444387435913086,-0.16355741024017334,-0.024020887666901903,-0.7959316166122838,-1.1432838038996151,-0.5207495319334534,-0.28450237204215983,-0.9751695947789845
l1,tomo4_20deg160,43,7,l1_tomo4_20deg160_bary_perm0007_s43.npy,l1_tomo4_20deg160_nobnt_s43.npy,100000,100000,6,11319.840353048638,8806.529616175296,1.2853917316370624,True,True,-18.668624497140296,-18.166497454314268,3.653485156574272,3.0177342503601725,True,True,0.04283251404762267,-0.11413803339004513,-0.2679448127746582,0.02237418293952942,-0.08817332983016968,-0.23974835872650146,1.0399742051778045,-2.2481877391274314,-1.597553018924087,0.5432455609112529,-1.7367584945573074,-1.4294388098034565
l1,tomo4_20deg160,43,8,l1_tomo4_20deg160_bary_perm0008_s43.npy,l1_tomo4_20deg160_nobnt_s43.npy,100000,100000,6,15064.06227885767,8806.529616175296,1.7105560232476729,True,True,-19.240134409225348,-18.166497454314268,1.6663540078484556,1.4036333359328368,True,True,6.719470024107999e-05,-0.03707399606704709,-0.16407513618469238,-0.020391136407852173,-0.01110929250717163,-0.13587868213653564,0.0016314885205589878,-0.7302500395601123,-0.9782564044734021,-0.4950971557459925,-0.21882079498998827,-0.8101421953527715
l1,tomo4_20deg160,43,9,l1_tomo4_20deg160_bary_perm0009_s43.npy,l1_tomo4_20deg160_nobnt_s43.npy,100000,100000,6,12100.42841684305,8806.529616175296,1.3740291515760898,True,True,-18.801992274617415,-18.166497454314268,1.5350432194754804,1.696488360300066,True,True,-0.0024010634422302335,-0.03582390785217282,-0.07307446002960205,-0.022859394550323486,-0.009859204292297363,-0.04487800598144531,-0.058297863210610756,-0.7056269326602072,-0.4356879426686905,-0.5550265074771622,-0.19419768809008311,-0.2675737335480599
l1,tomo4_20deg160,43,10,l1_tomo4_20deg160_bary_perm0010_s43.npy,l1_tomo4_20deg160_nobnt_s43.npy,100000,100000,6,15215.911357458304,8806.529616175296,1.7277988061847482,True,True,-19.260193918308527,-18.166497454314268,1.6583156934384093,2.016122524007683,True,True,-0.033385241627693185,0.06993076562881473,-0.07486402988433838,-0.05384357273578644,0.09589546918869019,-0.04666757583618164,-0.8105942622893091,1.3774329660756834,-0.446357799249993,-1.3073229065558605,1.8888622106458075,-0.27824359012936245
l1,tomo4_20deg160,43,11,l1_tomo4_20deg160_bary_perm0011_s43.npy,l1_tomo4_20deg160_nobnt_s43.npy,100000,100000,6,16180.338856661734,8806.529616175296,1.8373115815045549,True,True,-19.38310426665308,-18.166497454314268,1.0000153954314728,1.0102103754470877,True,True,-0.015840778350830087,0.0245352125167847,-0.12389540672302246,-0.03629910945892334,0.050499916076660156,-0.09569895267486572,-0.3846143809463513,0.4832724230373165,-0.7386949536046851,-0.8813430252129028,0.9947016676074405,-0.5705807444840545
l1,tomo4_20deg160,43,12,l1_tomo4_20deg160_bary_perm0012_s43.npy,l1_tomo4_20deg160_nobnt_s43.npy,100000,100000,6,14459.154600735636,8806.529616175296,1.6418674813944807,True,True,-19.158166058648426,-18.166497454314268,0.8335277100588614,1.607307051410366,True,True,-0.03276472747325898,0.03434405088424686,-0.06604611873626709,-0.053223058581352234,0.060308754444122314,-0.03784966468811035,-0.7955281675501163,0.6764780486980657,-0.3937832394765486,-1.2922568118166677,1.1879072932681898,-0.225669030355918
l1,tomo4_20deg160,43,13,l1_tomo4_20deg160_bary_perm0013_s43.npy,l1_tomo4_20deg160_nobnt_s43.npy,100000,100000,6,16476.398497347778,8806.529616175296,1.870929777728214,True,True,-19.419368483596614,-18.166497454314268,1.7387703383703457,1.1979884906462366,True,True,0.003590395450592032,-0.03058406352996823,-0.19735324382781982,-0.01686793565750122,-0.0046193599700927734,-0.16915678977966309,0.08717486559047068,-0.6024172188581444,-1.1766686848935106,-0.4095537786760808,-0.09098797428802032,-1.0085544757728802
l1,tomo4_20deg160,43,14,l1_tomo4_20deg160_bary_perm0014_s43.npy,l1_tomo4_20deg160_nobnt_s43.npy,100000,100000,6,17638.247914128384,8806.529616175296,2.002860227907657,True,True,-19.555650000063743,-18.166497454314268,1.4025503523702836,1.3586014667512472,True,True,-0.023150781393051156,0.03876117229461673,-0.16210496425628662,-0.04360911250114441,0.06472587585449219,-0.13390851020812988,-0.5621013852167237,0.7634825107698376,-0.9665097538126516,-1.058830029483275,1.2749117553399616,-0.798395544692021
l1,tomo4_20deg160,43,15,l1_tomo4_20deg160_bary_perm0015_s43.npy,l1_tomo4_20deg160_nobnt_s43.npy,100000,100000,6,18746.935626804756,8806.529616175296,2.128754054533755,True,True,-19.67757116960962,-18.166497454314268,1.6491716998191923,1.537543130395164,True,True,-0.011980260014534005,-0.02439960479736325,-0.18543517589569092,-0.03243859112262726,0.001565098762512207,-0.15723872184753418,-0.29088092687218653,-0.4806013448429648,-1.1056102262222942,-0.787609571138738,0.030827899727159193,-0.9374960171016636
l1,tomo4_20deg160,43,16,l1_tomo4_20deg160_bary_perm0016_s43.npy,l1_tomo4_20deg160_nobnt_s43.npy,100000,100000,6,14548.759073595853,8806.529616175296,1.652042258152812,True,True,-19.170521963848813,-18.166497454314268,2.3246054545070365,1.7247903287745692,True,True,0.012639214992523184,-0.05248239278793332,-0.23452508449554443,-0.007819116115570068,-0.02651768922805786,-0.2063286304473877,0.30688036549305103,-1.0337507006336109,-1.398296361364451,-0.18984827877350044,-0.5223214560634868,-1.2301821522438203
l1,tomo4_20deg160,43,17,l1_tomo4_20deg160_bary_perm0017_s43.npy,l1_tomo4_20deg160_nobnt_s43.npy,100000,100000,6,12097.97092844037,8806.529616175296,1.3737500985881608,True,True,-18.801586051317095,-18.166497454314268,0.3518189609709955,1.1548971233911478,True,True,-0.0021903610229492276,0.00911257028579715,0.03240865468978882,-0.02264869213104248,0.03507727384567261,0.06060510873794556,-0.05318200471168693,0.17949116679149754,0.19322838760264724,-0.5499106489782384,0.6909204113616215,0.3613425967232778
l1,tomo4_20deg160,43,18,l1_tomo4_20deg160_bary_perm0018_s43.npy,l1_tomo4_20deg160_nobnt_s43.npy,100000,100000,6,14841.167610930102,8806.529616175296,1.6852458638952115,True,True,-19.210320387216154,-18.166497454314268,2.573766387215012,1.844446454171435,True,True,0.03502445459365844,-0.07578244447708127,-0.1910865306854248,0.014566123485565186,-0.04981774091720581,-0.16289007663726807,0.8503943823453366,-1.4926940429423852,-1.139304996469417,0.3536657380787851,-0.9812647983722612,-0.9711907873487866
l1,tomo4_20deg160,43,19,l1_tomo4_20deg160_bary_perm0019_s43.npy,l1_tomo4_20deg160_nobnt_s43.npy,100000,100000,6,15945.917593872442,8806.529616175296,1.8106925530102067,True,True,-19.353916250449416,-18.166497454314268,1.3768023840992618,1.6663731184226664,True,True,-0.03987007796764375,0.05857989549636844,-0.1597059965133667,-0.060328409075737,0.0845445990562439,-0.13150954246520996,-0.9680462043081676,1.1538537935400262,-0.952206516812776,-1.464774848574719,1.6652830381101502,-0.7840923076921454
l1vmim,tomo4_20deg160,41,0,l1vmim_tomo4_20deg160_bary_perm0000_s41.npy,l1vmim_tomo4_20deg160_nobnt_s41.npy,100000,100000,6,11664.241941716857,10326.256876222484,1.1295711584102903,True,True,-18.72856639327185,-18.48489028354768,1.4627548925399245,1.5354128792217814,True,True,0.018918236494064322,-0.0466317796707153,-0.06233334541320801,-0.007519453763961792,-0.02095693349838257,-0.1405467987060547,0.47929342019885357,-0.9344052078184124,-0.3046218425070346,-0.19050532081503307,-0.4199339578946083,-0.6868494622981005
l1vmim,tomo4_20deg160,41,1,l1vmim_tomo4_20deg160_bary_perm0001_s41.npy,l1vmim_tomo4_20deg160_nobnt_s41.npy,100000,100000,6,11664.241941716857,10326.256876222484,1.1295711584102903,True,True,-18.72856639327185,-18.48489028354768,1.4627548925399245,1.5354128792217814,True,True,0.018918236494064322,-0.0466317796707153,-0.06233334541320801,-0.007519453763961792,-0.02095693349838257,-0.1405467987060547,0.47929342019885357,-0.9344052078184124,-0.3046218425070346,-0.19050532081503307,-0.4199339578946083,-0.6868494622981005
l1vmim,tomo4_20deg160,41,2,l1vmim_tomo4_20deg160_bary_perm0002_s41.npy,l1vmim_tomo4_20deg160_nobnt_s41.npy,100000,100000,6,11664.241941716857,10326.256876222484,1.1295711584102903,True,True,-18.72856639327185,-18.48489028354768,1.4627548925399245,1.5354128792217814,True,True,0.018918236494064322,-0.0466317796707153,-0.06233334541320801,-0.007519453763961792,-0.02095693349838257,-0.1405467987060547,0.47929342019885357,-0.9344052078184124,-0.3046218425070346,-0.19050532081503307,-0.4199339578946083,-0.6868494622981005
l1vmim,tomo4_20deg160,41,3,l1vmim_tomo4_20deg160_bary_perm0003_s41.npy,l1vmim_tomo4_20deg160_nobnt_s41.npy,100000,100000,6,11664.241941716857,10326.256876222484,1.1295711584102903,True,True,-18.72856639327185,-18.48489028354768,1.4627548925399245,1.5354128792217814,True,True,0.018918236494064322,-0.0466317796707153,-0.06233334541320801,-0.007519453763961792,-0.02095693349838257,-0.1405467987060547,0.47929342019885357,-0.9344052078184124,-0.3046218425070346,-0.19050532081503307,-0.4199339578946083,-0.6868494622981005
l1vmim,tomo4_20deg160,41,4,l1vmim_tomo4_20deg160_bary_perm0004_s41.npy,l1vmim_tomo4_20deg160_nobnt_s41.npy,100000,100000,6,11664.241941716857,10326.256876222484,1.1295711584102903,True,True,-18.72856639327185,-18.48489028354768,1.4627548925399245,1.5354128792217814,True,True,0.018918236494064322,-0.0466317796707153,-0.06233334541320801,-0.007519453763961792,-0.02095693349838257,-0.1405467987060547,0.47929342019885357,-0.9344052078184124,-0.3046218425070346,-0.19050532081503307,-0.4199339578946083,-0.6868494622981005
l1vmim,tomo4_20deg160,41,5,l1vmim_tomo4_20deg160_bary_perm0005_s41.npy,l1vmim_tomo4_20deg160_nobnt_s41.npy,100000,100000,6,11664.241941716857,10326.256876222484,1.1295711584102903,True,True,-18.72856639327185,-18.48489028354768,1.4627548925399245,1.5354128792217814,True,True,0.018918236494064322,-0.0466317796707153,-0.06233334541320801,-0.007519453763961792,-0.02095693349838257,-0.1405467987060547,0.47929342019885357,-0.9344052078184124,-0.3046218425070346,-0.19050532081503307,-0.4199339578946083,-0.6868494622981005
l1vmim,tomo4_20deg160,41,6,l1vmim_tomo4_20deg160_bary_perm0006_s41.npy,l1vmim_tomo4_20deg160_nobnt_s41.npy,100000,100000,6,11664.241941716857,10326.256876222484,1.1295711584102903,True,True,-18.72856639327185,-18.48489028354768,1.4627548925399245,1.5354128792217814,True,True,0.018918236494064322,-0.0466317796707153,-0.06233334541320801,-0.007519453763961792,-0.02095693349838257,-0.1405467987060547,0.47929342019885357,-0.9344052078184124,-0.3046218425070346,-0.19050532081503307,-0.4199339578946083,-0.6868494622981005
l1vmim,tomo4_20deg160,41,7,l1vmim_tomo4_20deg160_bary_perm0007_s41.npy,l1vmim_tomo4_20deg160_nobnt_s41.npy,100000,100000,6,11664.241941716857,10326.256876222484,1.1295711584102903,True,True,-18.72856639327185,-18.48489028354768,1.4627548925399245,1.5354128792217814,True,True,0.018918236494064322,-0.0466317796707153,-0.06233334541320801,-0.007519453763961792,-0.02095693349838257,-0.1405467987060547,0.47929342019885357,-0.9344052078184124,-0.3046218425070346,-0.19050532081503307,-0.4199339578946083,-0.6868494622981005
l1vmim,tomo4_20deg160,41,8,l1vmim_tomo4_20deg160_bary_perm0008_s41.npy,l1vmim_tomo4_20deg160_nobnt_s41.npy,100000,100000,6,11664.241941716857,10326.256876222484,1.1295711584102903,True,True,-18.72856639327185,-18.48489028354768,1.4627548925399245,1.5354128792217814,True,True,0.018918236494064322,-0.0466317796707153,-0.06233334541320801,-0.007519453763961792,-0.02095693349838257,-0.1405467987060547,0.47929342019885357,-0.9344052078184124,-0.3046218425070346,-0.19050532081503307,-0.4199339578946083,-0.6868494622981005
l1vmim,tomo4_20deg160,41,9,l1vmim_tomo4_20deg160_bary_perm0009_s41.npy,l1vmim_tomo4_20deg160_nobnt_s41.npy,100000,100000,6,11664.241941716857,10326.256876222484,1.1295711584102903,True,True,-18.72856639327185,-18.48489028354768,1.4627548925399245,1.5354128792217814,True,True,0.018918236494064322,-0.0466317796707153,-0.06233334541320801,-0.007519453763961792,-0.02095693349838257,-0.1405467987060547,0.47929342019885357,-0.9344052078184124,-0.3046218425070346,-0.19050532081503307,-0.4199339578946083,-0.6868494622981005
l1vmim,tomo4_20deg160,41,10,l1vmim_tomo4_20deg160_bary_perm0010_s41.npy,l1vmim_tomo4_20deg160_nobnt_s41.npy,100000,100000,6,11664.241941716857,10326.256876222484,1.1295711584102903,True,True,-18.72856639327185,-18.48489028354768,1.4627548925399245,1.5354128792217814,True,True,0.018918236494064322,-0.0466317796707153,-0.06233334541320801,-0.007519453763961792,-0.02095693349838257,-0.1405467987060547,0.47929342019885357,-0.9344052078184124,-0.3046218425070346,-0.19050532081503307,-0.4199339578946083,-0.6868494622981005
l1vmim,tomo4_20deg160,41,11,l1vmim_tomo4_20deg160_bary_perm0011_s41.npy,l1vmim_tomo4_20deg160_nobnt_s41.npy,100000,100000,6,11664.241941716857,10326.256876222484,1.1295711584102903,True,True,-18.72856639327185,-18.48489028354768,1.4627548925399245,1.5354128792217814,True,True,0.018918236494064322,-0.0466317796707153,-0.06233334541320801,-0.007519453763961792,-0.02095693349838257,-0.1405467987060547,0.47929342019885357,-0.9344052078184124,-0.3046218425070346,-0.19050532081503307,-0.4199339578946083,-0.6868494622981005
l1vmim,tomo4_20deg160,41,12,l1vmim_tomo4_20deg160_bary_perm0012_s41.npy,l1vmim_tomo4_20deg160_nobnt_s41.npy,100000,100000,6,11664.241941716857,10326.256876222484,1.1295711584102903,True,True,-18.72856639327185,-18.48489028354768,1.4627548925399245,1.5354128792217814,True,True,0.018918236494064322,-0.0466317796707153,-0.06233334541320801,-0.007519453763961792,-0.02095693349838257,-0.1405467987060547,0.47929342019885357,-0.9344052078184124,-0.3046218425070346,-0.19050532081503307,-0.4199339578946083,-0.6868494622981005
l1vmim,tomo4_20deg160,41,13,l1vmim_tomo4_20deg160_bary_perm0013_s41.npy,l1vmim_tomo4_20deg160_nobnt_s41.npy,100000,100000,6,11664.241941716857,10326.256876222484,1.1295711584102903,True,True,-18.72856639327185,-18.48489028354768,1.4627548925399245,1.5354128792217814,True,True,0.018918236494064322,-0.0466317796707153,-0.06233334541320801,-0.007519453763961792,-0.02095693349838257,-0.1405467987060547,0.47929342019885357,-0.9344052078184124,-0.3046218425070346,-0.19050532081503307,-0.4199339578946083,-0.6868494622981005
l1vmim,tomo4_20deg160,41,14,l1vmim_tomo4_20deg160_bary_perm0014_s41.npy,l1vmim_tomo4_20deg160_nobnt_s41.npy,100000,100000,6,11664.241941716857,10326.256876222484,1.1295711584102903,True,True,-18.72856639327185,-18.48489028354768,1.4627548925399245,1.5354128792217814,True,True,0.018918236494064322,-0.0466317796707153,-0.06233334541320801,-0.007519453763961792,-0.02095693349838257,-0.1405467987060547,0.47929342019885357,-0.9344052078184124,-0.3046218425070346,-0.19050532081503307,-0.4199339578946083,-0.6868494622981005
l1vmim,tomo4_20deg160,41,15,l1vmim_tomo4_20deg160_bary_perm0015_s41.npy,l1vmim_tomo4_20deg160_nobnt_s41.npy,100000,100000,6,11664.241941716857,10326.256876222484,1.1295711584102903,True,True,-18.72856639327185,-18.48489028354768,1.4627548925399245,1.5354128792217814,True,True,0.018918236494064322,-0.0466317796707153,-0.06233334541320801,-0.007519453763961792,-0.02095693349838257,-0.1405467987060547,0.47929342019885357,-0.9344052078184124,-0.3046218425070346,-0.19050532081503307,-0.4199339578946083,-0.6868494622981005
l1vmim,tomo4_20deg160,41,16,l1vmim_tomo4_20deg160_bary_perm0016_s41.npy,l1vmim_tomo4_20deg160_nobnt_s41.npy,100000,100000,6,11664.241941716857,10326.256876222484,1.1295711584102903,True,True,-18.72856639327185,-18.48489028354768,1.4627548925399245,1.5354128792217814,True,True,0.018918236494064322,-0.0466317796707153,-0.06233334541320801,-0.007519453763961792,-0.02095693349838257,-0.1405467987060547,0.47929342019885357,-0.9344052078184124,-0.3046218425070346,-0.19050532081503307,-0.4199339578946083,-0.6868494622981005
l1vmim,tomo4_20deg160,41,17,l1vmim_tomo4_20deg160_bary_perm0017_s41.npy,l1vmim_tomo4_20deg160_nobnt_s41.npy,100000,100000,6,11664.241941716857,10326.256876222484,1.1295711584102903,True,True,-18.72856639327185,-18.48489028354768,1.4627548925399245,1.5354128792217814,True,True,0.018918236494064322,-0.0466317796707153,-0.06233334541320801,-0.007519453763961792,-0.02095693349838257,-0.1405467987060547,0.47929342019885357,-0.9344052078184124,-0.3046218425070346,-0.19050532081503307,-0.4199339578946083,-0.6868494622981005
l1vmim,tomo4_20deg160,41,18,l1vmim_tomo4_20deg160_bary_perm0018_s41.npy,l1vmim_tomo4_20deg160_nobnt_s41.npy,100000,100000,6,11664.241941716857,10326.256876222484,1.1295711584102903,True,True,-18.72856639327185,-18.48489028354768,1.4627548925399245,1.5354128792217814,True,True,0.018918236494064322,-0.0466317796707153,-0.06233334541320801,-0.007519453763961792,-0.02095693349838257,-0.1405467987060547,0.47929342019885357,-0.9344052078184124,-0.3046218425070346,-0.19050532081503307,-0.4199339578946083,-0.6868494622981005
l1vmim,tomo4_20deg160,41,19,l1vmim_tomo4_20deg160_bary_perm0019_s41.npy,l1vmim_tomo4_20deg160_nobnt_s41.npy,100000,100000,6,11664.241941716857,10326.256876222484,1.1295711584102903,True,True,-18.72856639327185,-18.48489028354768,1.4627548925399245,1.5354128792217814,True,True,0.018918236494064322,-0.0466317796707153,-0.06233334541320801,-0.007519453763961792,-0.02095693349838257,-0.1405467987060547,0.47929342019885357,-0.9344052078184124,-0.3046218425070346,-0.19050532081503307,-0.4199339578946083,-0.6868494622981005
l1vmim,tomo4_20deg160,42,0,l1vmim_tomo4_20deg160_bary_perm0000_s42.npy,l1vmim_tomo4_20deg160_nobnt_s42.npy,100000,100000,6,16439.777224188536,10337.532892635194,1.5902998708619138,True,True,-19.414918235356488,-18.48707304240423,1.547950372142272,1.6254162171115045,True,True,0.007917305231094351,-0.026862051486968963,-0.16096508502960205,-0.01946893334388733,0.000952303409576416,-0.2599584460258484,0.19629265671387836,-0.5405514396798996,-0.8023379704217658,-0.48269057942191046,0.019163427607468034,-1.2957749933162075
l1vmim,tomo4_20deg160,42,1,l1vmim_tomo4_20deg160_bary_perm0001_s42.npy,l1vmim_tomo4_20deg160_nobnt_s42.npy,100000,100000,6,16439.777224188536,10337.532892635194,1.5902998708619138,True,True,-19.414918235356488,-18.48707304240423,1.547950372142272,1.6254162171115045,True,True,0.007917305231094351,-0.026862051486968963,-0.16096508502960205,-0.01946893334388733,0.000952303409576416,-0.2599584460258484,0.19629265671387836,-0.5405514396798996,-0.8023379704217658,-0.48269057942191046,0.019163427607468034,-1.2957749933162075
l1vmim,tomo4_20deg160,42,2,l1vmim_tomo4_20deg160_bary_perm0002_s42.npy,l1vmim_tomo4_20deg160_nobnt_s42.npy,100000,100000,6,16439.777224188536,10337.532892635194,1.5902998708619138,True,True,-19.414918235356488,-18.48707304240423,1.547950372142272,1.6254162171115045,True,True,0.007917305231094351,-0.026862051486968963,-0.16096508502960205,-0.01946893334388733,0.000952303409576416,-0.2599584460258484,0.19629265671387836,-0.5405514396798996,-0.8023379704217658,-0.48269057942191046,0.019163427607468034,-1.2957749933162075
l1vmim,tomo4_20deg160,42,3,l1vmim_tomo4_20deg160_bary_perm0003_s42.npy,l1vmim_tomo4_20deg160_nobnt_s42.npy,100000,100000,6,16439.777224188536,10337.532892635194,1.5902998708619138,True,True,-19.414918235356488,-18.48707304240423,1.547950372142272,1.6254162171115045,True,True,0.007917305231094351,-0.026862051486968963,-0.16096508502960205,-0.01946893334388733,0.000952303409576416,-0.2599584460258484,0.19629265671387836,-0.5405514396798996,-0.8023379704217658,-0.48269057942191046,0.019163427607468034,-1.2957749933162075
l1vmim,tomo4_20deg160,42,4,l1vmim_tomo4_20deg160_bary_perm0004_s42.npy,l1vmim_tomo4_20deg160_nobnt_s42.npy,100000,100000,6,16439.777224188536,10337.532892635194,1.5902998708619138,True,True,-19.414918235356488,-18.48707304240423,1.547950372142272,1.6254162171115045,True,True,0.007917305231094351,-0.026862051486968963,-0.16096508502960205,-0.01946893334388733,0.000952303409576416,-0.2599584460258484,0.19629265671387836,-0.5405514396798996,-0.8023379704217658,-0.48269057942191046,0.019163427607468034,-1.2957749933162075
l1vmim,tomo4_20deg160,42,5,l1vmim_tomo4_20deg160_bary_perm0005_s42.npy,l1vmim_tomo4_20deg160_nobnt_s42.npy,100000,100000,6,16439.777224188536,10337.532892635194,1.5902998708619138,True,True,-19.414918235356488,-18.48707304240423,1.547950372142272,1.6254162171115045,True,True,0.007917305231094351,-0.026862051486968963,-0.16096508502960205,-0.01946893334388733,0.000952303409576416,-0.2599584460258484,0.19629265671387836,-0.5405514396798996,-0.8023379704217658,-0.48269057942191046,0.019163427607468034,-1.2957749933162075
l1vmim,tomo4_20deg160,42,6,l1vmim_tomo4_20deg160_bary_perm0006_s42.npy,l1vmim_tomo4_20deg160_nobnt_s42.npy,100000,100000,6,16439.777224188536,10337.532892635194,1.5902998708619138,True,True,-19.414918235356488,-18.48707304240423,1.547950372142272,1.6254162171115045,True,True,0.007917305231094351,-0.026862051486968963,-0.16096508502960205,-0.01946893334388733,0.000952303409576416,-0.2599584460258484,0.19629265671387836,-0.5405514396798996,-0.8023379704217658,-0.48269057942191046,0.019163427607468034,-1.2957749933162075
l1vmim,tomo4_20deg160,42,7,l1vmim_tomo4_20deg160_bary_perm0007_s42.npy,l1vmim_tomo4_20deg160_nobnt_s42.npy,100000,100000,6,16439.777224188536,10337.532892635194,1.5902998708619138,True,True,-19.414918235356488,-18.48707304240423,1.547950372142272,1.6254162171115045,True,True,0.007917305231094351,-0.026862051486968963,-0.16096508502960205,-0.01946893334388733,0.000952303409576416,-0.2599584460258484,0.19629265671387836,-0.5405514396798996,-0.8023379704217658,-0.48269057942191046,0.019163427607468034,-1.2957749933162075
l1vmim,tomo4_20deg160,42,8,l1vmim_tomo4_20deg160_bary_perm0008_s42.npy,l1vmim_tomo4_20deg160_nobnt_s42.npy,100000,100000,6,16439.777224188536,10337.532892635194,1.5902998708619138,True,True,-19.414918235356488,-18.48707304240423,1.547950372142272,1.6254162171115045,True,True,0.007917305231094351,-0.026862051486968963,-0.16096508502960205,-0.01946893334388733,0.000952303409576416,-0.2599584460258484,0.19629265671387836,-0.5405514396798996,-0.8023379704217658,-0.48269057942191046,0.019163427607468034,-1.2957749933162075
l1vmim,tomo4_20deg160,42,9,l1vmim_tomo4_20deg160_bary_perm0009_s42.npy,l1vmim_tomo4_20deg160_nobnt_s42.npy,100000,100000,6,16439.777224188536,10337.532892635194,1.5902998708619138,True,True,-19.414918235356488,-18.48707304240423,1.547950372142272,1.6254162171115045,True,True,0.007917305231094351,-0.026862051486968963,-0.16096508502960205,-0.01946893334388733,0.000952303409576416,-0.2599584460258484,0.19629265671387836,-0.5405514396798996,-0.8023379704217658,-0.48269057942191046,0.019163427607468034,-1.2957749933162075
l1vmim,tomo4_20deg160,42,10,l1vmim_tomo4_20deg160_bary_perm0010_s42.npy,l1vmim_tomo4_20deg160_nobnt_s42.npy,100000,100000,6,16439.777224188536,10337.532892635194,1.5902998708619138,True,True,-19.414918235356488,-18.48707304240423,1.547950372142272,1.6254162171115045,True,True,0.007917305231094351,-0.026862051486968963,-0.16096508502960205,-0.01946893334388733,0.000952303409576416,-0.2599584460258484,0.19629265671387836,-0.5405514396798996,-0.8023379704217658,-0.48269057942191046,0.019163427607468034,-1.2957749933162075
l1vmim,tomo4_20deg160,42,11,l1vmim_tomo4_20deg160_bary_perm0011_s42.npy,l1vmim_tomo4_20deg160_nobnt_s42.npy,100000,100000,6,16439.777224188536,10337.532892635194,1.5902998708619138,True,True,-19.414918235356488,-18.48707304240423,1.547950372142272,1.6254162171115045,True,True,0.007917305231094351,-0.026862051486968963,-0.16096508502960205,-0.01946893334388733,0.000952303409576416,-0.2599584460258484,0.19629265671387836,-0.5405514396798996,-0.8023379704217658,-0.48269057942191046,0.019163427607468034,-1.2957749933162075
l1vmim,tomo4_20deg160,42,12,l1vmim_tomo4_20deg160_bary_perm0012_s42.npy,l1vmim_tomo4_20deg160_nobnt_s42.npy,100000,100000,6,16439.777224188536,10337.532892635194,1.5902998708619138,True,True,-19.414918235356488,-18.48707304240423,1.547950372142272,1.6254162171115045,True,True,0.007917305231094351,-0.026862051486968963,-0.16096508502960205,-0.01946893334388733,0.000952303409576416,-0.2599584460258484,0.19629265671387836,-0.5405514396798996,-0.8023379704217658,-0.48269057942191046,0.019163427607468034,-1.2957749933162075
l1vmim,tomo4_20deg160,42,13,l1vmim_tomo4_20deg160_bary_perm0013_s42.npy,l1vmim_tomo4_20deg160_nobnt_s42.npy,100000,100000,6,16439.777224188536,10337.532892635194,1.5902998708619138,True,True,-19.414918235356488,-18.48707304240423,1.547950372142272,1.6254162171115045,True,True,0.007917305231094351,-0.026862051486968963,-0.16096508502960205,-0.01946893334388733,0.000952303409576416,-0.2599584460258484,0.19629265671387836,-0.5405514396798996,-0.8023379704217658,-0.48269057942191046,0.019163427607468034,-1.2957749933162075
l1vmim,tomo4_20deg160,42,14,l1vmim_tomo4_20deg160_bary_perm0014_s42.npy,l1vmim_tomo4_20deg160_nobnt_s42.npy,100000,100000,6,16439.777224188536,10337.532892635194,1.5902998708619138,True,True,-19.414918235356488,-18.48707304240423,1.547950372142272,1.6254162171115045,True,True,0.007917305231094351,-0.026862051486968963,-0.16096508502960205,-0.01946893334388733,0.000952303409576416,-0.2599584460258484,0.19629265671387836,-0.5405514396798996,-0.8023379704217658,-0.48269057942191046,0.019163427607468034,-1.2957749933162075
l1vmim,tomo4_20deg160,42,15,l1vmim_tomo4_20deg160_bary_perm0015_s42.npy,l1vmim_tomo4_20deg160_nobnt_s42.npy,100000,100000,6,16439.777224188536,10337.532892635194,1.5902998708619138,True,True,-19.414918235356488,-18.48707304240423,1.547950372142272,1.6254162171115045,True,True,0.007917305231094351,-0.026862051486968963,-0.16096508502960205,-0.01946893334388733,0.000952303409576416,-0.2599584460258484,0.19629265671387836,-0.5405514396798996,-0.8023379704217658,-0.48269057942191046,0.019163427607468034,-1.2957749933162075
l1vmim,tomo4_20deg160,42,16,l1vmim_tomo4_20deg160_bary_perm0016_s42.npy,l1vmim_tomo4_20deg160_nobnt_s42.npy,100000,100000,6,16439.777224188536,10337.532892635194,1.5902998708619138,True,True,-19.414918235356488,-18.48707304240423,1.547950372142272,1.6254162171115045,True,True,0.007917305231094351,-0.026862051486968963,-0.16096508502960205,-0.01946893334388733,0.000952303409576416,-0.2599584460258484,0.19629265671387836,-0.5405514396798996,-0.8023379704217658,-0.48269057942191046,0.019163427607468034,-1.2957749933162075
l1vmim,tomo4_20deg160,42,17,l1vmim_tomo4_20deg160_bary_perm0017_s42.npy,l1vmim_tomo4_20deg160_nobnt_s42.npy,100000,100000,6,16439.777224188536,10337.532892635194,1.5902998708619138,True,True,-19.414918235356488,-18.48707304240423,1.547950372142272,1.6254162171115045,True,True,0.007917305231094351,-0.026862051486968963,-0.16096508502960205,-0.01946893334388733,0.000952303409576416,-0.2599584460258484,0.19629265671387836,-0.5405514396798996,-0.8023379704217658,-0.48269057942191046,0.019163427607468034,-1.2957749933162075
l1vmim,tomo4_20deg160,42,18,l1vmim_tomo4_20deg160_bary_perm0018_s42.npy,l1vmim_tomo4_20deg160_nobnt_s42.npy,100000,100000,6,16439.777224188536,10337.532892635194,1.5902998708619138,True,True,-19.414918235356488,-18.48707304240423,1.547950372142272,1.6254162171115045,True,True,0.007917305231094351,-0.026862051486968963,-0.16096508502960205,-0.01946893334388733,0.000952303409576416,-0.2599584460258484,0.19629265671387836,-0.5405514396798996,-0.8023379704217658,-0.48269057942191046,0.019163427607468034,-1.2957749933162075
l1vmim,tomo4_20deg160,42,19,l1vmim_tomo4_20deg160_bary_perm0019_s42.npy,l1vmim_tomo4_20deg160_nobnt_s42.npy,100000,100000,6,16439.777224188536,10337.532892635194,1.5902998708619138,True,True,-19.414918235356488,-18.48707304240423,1.547950372142272,1.6254162171115045,True,True,0.007917305231094351,-0.026862051486968963,-0.16096508502960205,-0.01946893334388733,0.000952303409576416,-0.2599584460258484,0.19629265671387836,-0.5405514396798996,-0.8023379704217658,-0.48269057942191046,0.019163427607468034,-1.2957749933162075
l1vmim,tomo4_20deg160,43,0,l1vmim_tomo4_20deg160_bary_perm0000_s43.npy,l1vmim_tomo4_20deg160_nobnt_s43.npy,100000,100000,6,16256.137776104595,9745.08168543808,1.6681376617289811,True,True,-19.392451651484855,-18.36903598839758,2.4611528938002314,2.6373449499262054,True,True,0.0008876824378967196,-0.045412447452545135,-0.21147596836090088,-0.03075575828552246,-0.012107551097869873,-0.301425576210022,0.022293568473914775,-0.9161826399597729,-1.0473069307826968,-0.7724109141215674,-0.24426624748392803,-1.4927705380744811
l1vmim,tomo4_20deg160,43,1,l1vmim_tomo4_20deg160_bary_perm0001_s43.npy,l1vmim_tomo4_20deg160_nobnt_s43.npy,100000,100000,6,16256.137776104595,9745.08168543808,1.6681376617289811,True,True,-19.392451651484855,-18.36903598839758,2.4611528938002314,2.6373449499262054,True,True,0.0008876824378967196,-0.045412447452545135,-0.21147596836090088,-0.03075575828552246,-0.012107551097869873,-0.301425576210022,0.022293568473914775,-0.9161826399597729,-1.0473069307826968,-0.7724109141215674,-0.24426624748392803,-1.4927705380744811
l1vmim,tomo4_20deg160,43,2,l1vmim_tomo4_20deg160_bary_perm0002_s43.npy,l1vmim_tomo4_20deg160_nobnt_s43.npy,100000,100000,6,16256.137776104595,9745.08168543808,1.6681376617289811,True,True,-19.392451651484855,-18.36903598839758,2.4611528938002314,2.6373449499262054,True,True,0.0008876824378967196,-0.045412447452545135,-0.21147596836090088,-0.03075575828552246,-0.012107551097869873,-0.301425576210022,0.022293568473914775,-0.9161826399597729,-1.0473069307826968,-0.7724109141215674,-0.24426624748392803,-1.4927705380744811
l1vmim,tomo4_20deg160,43,3,l1vmim_tomo4_20deg160_bary_perm0003_s43.npy,l1vmim_tomo4_20deg160_nobnt_s43.npy,100000,100000,6,16256.137776104595,9745.08168543808,1.6681376617289811,True,True,-19.392451651484855,-18.36903598839758,2.4611528938002314,2.6373449499262054,True,True,0.0008876824378967196,-0.045412447452545135,-0.21147596836090088,-0.03075575828552246,-0.012107551097869873,-0.301425576210022,0.022293568473914775,-0.9161826399597729,-1.0473069307826968,-0.7724109141215674,-0.24426624748392803,-1.4927705380744811
l1vmim,tomo4_20deg160,43,4,l1vmim_tomo4_20deg160_bary_perm0004_s43.npy,l1vmim_tomo4_20deg160_nobnt_s43.npy,100000,100000,6,16256.137776104595,9745.08168543808,1.6681376617289811,True,True,-19.392451651484855,-18.36903598839758,2.4611528938002314,2.6373449499262054,True,True,0.0008876824378967196,-0.045412447452545135,-0.21147596836090088,-0.03075575828552246,-0.012107551097869873,-0.301425576210022,0.022293568473914775,-0.9161826399597729,-1.0473069307826968,-0.7724109141215674,-0.24426624748392803,-1.4927705380744811
l1vmim,tomo4_20deg160,43,5,l1vmim_tomo4_20deg160_bary_perm0005_s43.npy,l1vmim_tomo4_20deg160_nobnt_s43.npy,100000,100000,6,16256.137776104595,9745.08168543808,1.6681376617289811,True,True,-19.392451651484855,-18.36903598839758,2.4611528938002314,2.6373449499262054,True,True,0.0008876824378967196,-0.045412447452545135,-0.21147596836090088,-0.03075575828552246,-0.012107551097869873,-0.301425576210022,0.022293568473914775,-0.9161826399597729,-1.0473069307826968,-0.7724109141215674,-0.24426624748392803,-1.4927705380744811
l1vmim,tomo4_20deg160,43,6,l1vmim_tomo4_20deg160_bary_perm0006_s43.npy,l1vmim_tomo4_20deg160_nobnt_s43.npy,100000,100000,6,16256.137776104595,9745.08168543808,1.6681376617289811,True,True,-19.392451651484855,-18.36903598839758,2.4611528938002314,2.6373449499262054,True,True,0.0008876824378967196,-0.045412447452545135,-0.21147596836090088,-0.03075575828552246,-0.012107551097869873,-0.301425576210022,0.022293568473914775,-0.9161826399597729,-1.0473069307826968,-0.7724109141215674,-0.24426624748392803,-1.4927705380744811
l1vmim,tomo4_20deg160,43,7,l1vmim_tomo4_20deg160_bary_perm0007_s43.npy,l1vmim_tomo4_20deg160_nobnt_s43.npy,100000,100000,6,16256.137776104595,9745.08168543808,1.6681376617289811,True,True,-19.392451651484855,-18.36903598839758,2.4611528938002314,2.6373449499262054,True,True,0.0008876824378967196,-0.045412447452545135,-0.21147596836090088,-0.03075575828552246,-0.012107551097869873,-0.301425576210022,0.022293568473914775,-0.9161826399597729,-1.0473069307826968,-0.7724109141215674,-0.24426624748392803,-1.4927705380744811
l1vmim,tomo4_20deg160,43,8,l1vmim_tomo4_20deg160_bary_perm0008_s43.npy,l1vmim_tomo4_20deg160_nobnt_s43.npy,100000,100000,6,16256.137776104595,9745.08168543808,1.6681376617289811,True,True,-19.392451651484855,-18.36903598839758,2.4611528938002314,2.6373449499262054,True,True,0.0008876824378967196,-0.045412447452545135,-0.21147596836090088,-0.03075575828552246,-0.012107551097869873,-0.301425576210022,0.022293568473914775,-0.9161826399597729,-1.0473069307826968,-0.7724109141215674,-0.24426624748392803,-1.4927705380744811
l1vmim,tomo4_20deg160,43,9,l1vmim_tomo4_20deg160_bary_perm0009_s43.npy,l1vmim_tomo4_20deg160_nobnt_s43.npy,100000,100000,6,16256.137776104595,9745.08168543808,1.6681376617289811,True,True,-19.392451651484855,-18.36903598839758,2.4611528938002314,2.6373449499262054,True,True,0.0008876824378967196,-0.045412447452545135,-0.21147596836090088,-0.03075575828552246,-0.012107551097869873,-0.301425576210022,0.022293568473914775,-0.9161826399597729,-1.0473069307826968,-0.7724109141215674,-0.24426624748392803,-1.4927705380744811
l1vmim,tomo4_20deg160,43,10,l1vmim_tomo4_20deg160_bary_perm0010_s43.npy,l1vmim_tomo4_20deg160_nobnt_s43.npy,100000,100000,6,16256.137776104595,9745.08168543808,1.6681376617289811,True,True,-19.392451651484855,-18.36903598839758,2.4611528938002314,2.6373449499262054,True,True,0.0008876824378967196,-0.045412447452545135,-0.21147596836090088,-0.03075575828552246,-0.012107551097869873,-0.301425576210022,0.022293568473914775,-0.9161826399597729,-1.0473069307826968,-0.7724109141215674,-0.24426624748392803,-1.4927705380744811
l1vmim,tomo4_20deg160,43,11,l1vmim_tomo4_20deg160_bary_perm0011_s43.npy,l1vmim_tomo4_20deg160_nobnt_s43.npy,100000,100000,6,16256.137776104595,9745.08168543808,1.6681376617289811,True,True,-19.392451651484855,-18.36903598839758,2.4611528938002314,2.6373449499262054,True,True,0.0008876824378967196,-0.045412447452545135,-0.21147596836090088,-0.03075575828552246,-0.012107551097869873,-0.301425576210022,0.022293568473914775,-0.9161826399597729,-1.0473069307826968,-0.7724109141215674,-0.24426624748392803,-1.4927705380744811
l1vmim,tomo4_20deg160,43,12,l1vmim_tomo4_20deg160_bary_perm0012_s43.npy,l1vmim_tomo4_20deg160_nobnt_s43.npy,100000,100000,6,16256.137776104595,9745.08168543808,1.6681376617289811,True,True,-19.392451651484855,-18.36903598839758,2.4611528938002314,2.6373449499262054,True,True,0.0008876824378967196,-0.045412447452545135,-0.21147596836090088,-0.03075575828552246,-0.012107551097869873,-0.301425576210022,0.022293568473914775,-0.9161826399597729,-1.0473069307826968,-0.7724109141215674,-0.24426624748392803,-1.4927705380744811
l1vmim,tomo4_20deg160,43,13,l1vmim_tomo4_20deg160_bary_perm0013_s43.npy,l1vmim_tomo4_20deg160_nobnt_s43.npy,100000,100000,6,16256.137776104595,9745.08168543808,1.6681376617289811,True,True,-19.392451651484855,-18.36903598839758,2.4611528938002314,2.6373449499262054,True,True,0.0008876824378967196,-0.045412447452545135,-0.21147596836090088,-0.03075575828552246,-0.012107551097869873,-0.301425576210022,0.022293568473914775,-0.9161826399597729,-1.0473069307826968,-0.7724109141215674,-0.24426624748392803,-1.4927705380744811
l1vmim,tomo4_20deg160,43,14,l1vmim_tomo4_20deg160_bary_perm0014_s43.npy,l1vmim_tomo4_20deg160_nobnt_s43.npy,100000,100000,6,16256.137776104595,9745.08168543808,1.6681376617289811,True,True,-19.392451651484855,-18.36903598839758,2.4611528938002314,2.6373449499262054,True,True,0.0008876824378967196,-0.045412447452545135,-0.21147596836090088,-0.03075575828552246,-0.012107551097869873,-0.301425576210022,0.022293568473914775,-0.9161826399597729,-1.0473069307826968,-0.7724109141215674,-0.24426624748392803,-1.4927705380744811
l1vmim,tomo4_20deg160,43,15,l1vmim_tomo4_20deg160_bary_perm0015_s43.npy,l1vmim_tomo4_20deg160_nobnt_s43.npy,100000,100000,6,16256.137776104595,9745.08168543808,1.6681376617289811,True,True,-19.392451651484855,-18.36903598839758,2.4611528938002314,2.6373449499262054,True,True,0.0008876824378967196,-0.045412447452545135,-0.21147596836090088,-0.03075575828552246,-0.012107551097869873,-0.301425576210022,0.022293568473914775,-0.9161826399597729,-1.0473069307826968,-0.7724109141215674,-0.24426624748392803,-1.4927705380744811
l1vmim,tomo4_20deg160,43,16,l1vmim_tomo4_20deg160_bary_perm0016_s43.npy,l1vmim_tomo4_20deg160_nobnt_s43.npy,100000,100000,6,16256.137776104595,9745.08168543808,1.6681376617289811,True,True,-19.392451651484855,-18.36903598839758,2.4611528938002314,2.6373449499262054,True,True,0.0008876824378967196,-0.045412447452545135,-0.21147596836090088,-0.03075575828552246,-0.012107551097869873,-0.301425576210022,0.022293568473914775,-0.9161826399597729,-1.0473069307826968,-0.7724109141215674,-0.24426624748392803,-1.4927705380744811
l1vmim,tomo4_20deg160,43,17,l1vmim_tomo4_20deg160_bary_perm0017_s43.npy,l1vmim_tomo4_20deg160_nobnt_s43.npy,100000,100000,6,16256.137776104595,9745.08168543808,1.6681376617289811,True,True,-19.392451651484855,-18.36903598839758,2.4611528938002314,2.6373449499262054,True,True,0.0008876824378967196,-0.045412447452545135,-0.21147596836090088,-0.03075575828552246,-0.012107551097869873,-0.301425576210022,0.022293568473914775,-0.9161826399597729,-1.0473069307826968,-0.7724109141215674,-0.24426624748392803,-1.4927705380744811
l1vmim,tomo4_20deg160,43,18,l1vmim_tomo4_20deg160_bary_perm0018_s43.npy,l1vmim_tomo4_20deg160_nobnt_s43.npy,100000,100000,6,16256.137776104595,9745.08168543808,1.6681376617289811,True,True,-19.392451651484855,-18.36903598839758,2.4611528938002314,2.6373449499262054,True,True,0.0008876824378967196,-0.045412447452545135,-0.21147596836090088,-0.03075575828552246,-0.012107551097869873,-0.301425576210022,0.022293568473914775,-0.9161826399597729,-1.0473069307826968,-0.7724109141215674,-0.24426624748392803,-1.4927705380744811
l1vmim,tomo4_20deg160,43,19,l1vmim_tomo4_20deg160_bary_perm0019_s43.npy,l1vmim_tomo4_20deg160_nobnt_s43.npy,100000,100000,6,16256.137776104595,9745.08168543808,1.6681376617289811,True,True,-19.392451651484855,-18.36903598839758,2.4611528938002314,2.6373449499262054,True,True,0.0008876824378967196,-0.045412447452545135,-0.21147596836090088,-0.03075575828552246,-0.012107551097869873,-0.301425576210022,0.022293568473914775,-0.9161826399597729,-1.0473069307826968,-0.7724109141215674,-0.24426624748392803,-1.4927705380744811
